,User,Tweet Text,Tweet Date,Compound Score,Positive,Neutral,Negative
0,BBCNorthAmerica,Canada v US: Loon stabs eagle through heart https://t.co/KESYtlZR6X,2020-05-22 22:23:10,-0.4404,0.0,0.266,0.734
1,BBCNorthAmerica,Biden: Black voters considering Trump 'ain't black' https://t.co/BRB7ouSIxl,2020-05-22 20:03:24,0.0,0.0,0.0,1.0
2,BBCNorthAmerica,Coronavirus: Is it safe to visit US national parks? https://t.co/fGMoq6glnH,2020-05-22 19:11:47,0.4404,0.244,0.0,0.756
3,BBCNorthAmerica,"RT @BBCWorld: US President Donald Trump calls on places of worship to ""open right now"" and says he deems them ""essential""

https://t.co/caj‚Ä¶",2020-05-22 18:29:42,0.296,0.095,0.0,0.905
4,BBCNorthAmerica,"US naval base shooting was 'terrorism related', FBI says https://t.co/kdS1UvqoRf",2020-05-22 15:08:34,-0.6808,0.0,0.338,0.662
5,BBCNorthAmerica,Ahmaud Arbery: Third man charged in death of black jogger https://t.co/rzfI6NenP2,2020-05-21 22:09:52,-0.6908,0.0,0.388,0.612
6,BBCNorthAmerica,"Former White House butler, 91, dies of coronavirus https://t.co/AZ2GLag19P",2020-05-21 19:07:32,0.0,0.0,0.0,1.0
7,BBCNorthAmerica,Open Skies Treaty: US to withdraw from arms control deal https://t.co/laU1kbaCQj,2020-05-21 15:23:55,0.0,0.0,0.0,1.0
8,BBCNorthAmerica,"RT @BBCWorld: Earlier lockdown 'could have saved 36,000 lives' in US, study estimates https://t.co/wjn6azYIPG",2020-05-21 15:18:17,0.4215,0.177,0.0,0.823
9,BBCNorthAmerica,"Earlier lockdown 'could have saved 36,000 lives' - study https://t.co/hHTXBlv5eI",2020-05-21 15:12:38,0.4215,0.237,0.0,0.763
10,BBCNorthAmerica,Coronavirus: Which countries does US think handled it best? https://t.co/7GLmGYH7Mb,2020-05-21 14:09:09,0.6369,0.318,0.0,0.682
11,BBCNorthAmerica,RT @NickBryantNY: America has lost a staggering 38 million jobs since the shutdown - that's more than the population of Canada. The worst l‚Ä¶,2020-05-21 13:08:12,-0.7506,0.0,0.225,0.775
12,BBCNorthAmerica,"Emptier US roads more lethal in coronavirus pandemic, report says https://t.co/qXqdazxItR",2020-05-21 11:17:33,-0.1779,0.0,0.145,0.855
13,BBCNorthAmerica,Mika Brzezinski: TV host blasts 'sick' Trump's conspiracy theory https://t.co/ZoHsQIMfBW,2020-05-21 01:59:09,-0.7717,0.0,0.456,0.544
14,BBCNorthAmerica,Michael Cohen: Prison release for ex-Trump lawyer over virus https://t.co/4BMVhNsp9W,2020-05-20 23:14:56,-0.5106,0.0,0.268,0.732
15,BBCNorthAmerica,Coronavirus: What does it mean for natural disaster response? https://t.co/7rhWFoUvJT,2020-05-20 20:01:27,-0.3818,0.171,0.281,0.548
16,BBCNorthAmerica,Coronavirus: All 50 US states move toward reopening https://t.co/auTUuUh5Gv,2020-05-20 17:19:27,0.0,0.0,0.0,1.0
17,BBCNorthAmerica,Carlos Ghosn: US ex-Green Beret and son arrested over escape from Japan https://t.co/fKkvFi4vhK,2020-05-20 15:33:33,-0.34,0.108,0.196,0.696
18,BBCNorthAmerica,"RT @BBCWorld: US prosecutors seek to confiscate 3,500-year-old artefact from Bible museum

The Gilgamesh tablet is one of the world's oldes‚Ä¶",2020-05-20 13:03:29,0.0,0.0,0.0,1.0
19,BBCNorthAmerica,Gilgamesh tablet: Bid to confiscate artefact from Museum of the Bible https://t.co/SG8CsvkyHE,2020-05-20 12:46:48,0.0,0.0,0.0,1.0
20,BBCNorthAmerica,Nasa: Doug Loverro steps down days before crewed launch https://t.co/2zraaCbx7T,2020-05-20 09:49:00,0.0,0.0,0.0,1.0
21,BBCNorthAmerica,Michigan floods: Evacuations after Edenville and Sanford dams collapse https://t.co/d4o7ySVyqt,2020-05-20 08:12:14,-0.4939,0.0,0.262,0.738
22,BBCNorthAmerica,Roe v Wade: Woman behind US abortion ruling was paid to recant https://t.co/3AE858ay3X,2020-05-20 04:02:25,0.0,0.0,0.0,1.0
23,BBCNorthAmerica,Nancy Pelosi accused of fat-shaming 'obese' Trump https://t.co/SAzAChtnF7,2020-05-20 00:33:02,-0.296,0.0,0.239,0.761
24,BBCNorthAmerica,Teenage boy charged in Canada's first 'incel' terror case https://t.co/lEXsc8MYca,2020-05-19 23:32:16,-0.6369,0.0,0.394,0.606
25,BBCNorthAmerica,Trump says US topping world virus cases is 'badge of honour' https://t.co/Z0aUhDT5LR,2020-05-19 23:05:19,0.5719,0.252,0.0,0.748
26,BBCNorthAmerica,"RT @sam_granville: Online school is hard. It's harder when you have to share a laptop and can't rely on wifi

@LauraTrevelyan @BBCWorld @Te‚Ä¶",2020-05-19 21:39:44,0.2023,0.089,0.057,0.854
27,BBCNorthAmerica,Canada Facebook fines $6.5m over 'false' privacy claims https://t.co/IkQoOzWUcV,2020-05-19 18:07:46,0.0,0.0,0.0,1.0
28,BBCNorthAmerica,US election 2020 : All you need to know about the presidential race https://t.co/VKHdYzpEte,2020-05-19 17:33:16,0.0,0.0,0.0,1.0
29,BBCNorthAmerica,"How has the pandemic changed your living situation?

Are you moving in with friends or family? Moving out of the city? Downsizing?

Email us at askamerica@bbc.co.uk - we want to hear from youüëá https://t.co/oYO4VY8kdG",2020-05-19 16:08:44,0.6553,0.13,0.0,0.87
30,BBCNorthAmerica,"What questions do you have about the coronavirus vaccine?

Email us at ‚û°Ô∏è noise@bbc.co.uk https://t.co/Rz9vQAwAhZ",2020-05-19 16:02:59,0.0,0.0,0.0,1.0
31,BBCNorthAmerica,"RT @BBCWorld: Russia denounces President Trump's threat to pull US out of World Health Organization

https://t.co/xoZdhSD4l7 https://t.co/p‚Ä¶",2020-05-19 15:15:55,-0.743,0.0,0.296,0.704
32,BBCNorthAmerica,"RT @BBCWorld: Large antibody study planned to track how coronavirus is spreading across US

https://t.co/tEGkjEXhFB https://t.co/oKOD7J2Bje",2020-05-19 14:43:59,0.0,0.0,0.0,1.0
33,BBCNorthAmerica,Coronavirus: Anger grows for stranded crew on forgotten cruises https://t.co/nziBwY4PMi,2020-05-19 14:42:16,-0.6808,0.0,0.412,0.588
34,BBCNorthAmerica,"RT @BBCWorld: US President Donald Trump says he is taking hydroxychloroquine to help keep him safe from coronavirus, despite public health‚Ä¶",2020-05-19 08:11:49,0.6808,0.228,0.0,0.772
35,BBCNorthAmerica,Coronavirus: Trump gives WHO ultimatum over Covid-19 handling https://t.co/SbFArPA61Q,2020-05-19 04:59:09,0.0,0.0,0.0,1.0
36,BBCNorthAmerica,"RT @BBCWorld: ""I'm taking it for about a week and a half now and I'm still here, I'm still here"" 

US President Donald Trump says he has st‚Ä¶",2020-05-18 21:16:01,0.0,0.0,0.0,1.0
37,BBCNorthAmerica,Pompeo denies inspector general fired as payback for investigation https://t.co/lfI6YXH2Jd,2020-05-18 21:13:14,-0.7506,0.0,0.444,0.556
38,BBCNorthAmerica,Coronavirus: Trump says he is taking hydroxychloroquine https://t.co/XfvPEnA6UN,2020-05-18 20:53:07,0.0,0.0,0.0,1.0
39,BBCNorthAmerica,FBI: US naval base attack 'motivated by Al-Qaeda' https://t.co/Qlehhsk9Qe,2020-05-18 16:42:51,-0.0258,0.229,0.237,0.534
40,BBCNorthAmerica,"The US has been hit hard by the coronavirus pandemic

Over 83,000 people have died and tens of millions are unemployed

We want to hear how you've been coping - how has the pandemic and social isolation impacted your mental health?

Email us at noise@bbc.co.uk https://t.co/OtN3sTq0yc",2020-05-18 14:23:42,-0.7506,0.025,0.151,0.824
41,BBCNorthAmerica,Coronavirus: What are President Trump's charges against the WHO? https://t.co/FQqo62oeca,2020-05-18 09:50:42,-0.2732,0.0,0.189,0.811
42,BBCNorthAmerica,Canadian Snowbirds acrobatic jet crashes in residential area https://t.co/91xxABDmCV,2020-05-17 23:27:22,0.0,0.0,0.0,1.0
43,BBCNorthAmerica,Fed chairman Powell warns downturn 'may last until late 2021' https://t.co/ITDaG21kQf,2020-05-17 20:58:45,-0.1027,0.0,0.123,0.877
44,BBCNorthAmerica,Hash oil factory blast injures 11 firefighters in Los Angeles https://t.co/t2hK2ZlF9B,2020-05-17 07:55:40,0.0,0.0,0.0,1.0
45,BBCNorthAmerica,Coronavirus: Obama criticises Trump administration's virus response https://t.co/Sei3SHqnyL,2020-05-17 03:43:35,-0.3182,0.0,0.247,0.753
46,BBCNorthAmerica,Steve Linick: Democrats probe Trump's firing of inspector general https://t.co/P7X8zotOeN,2020-05-17 00:34:28,-0.34,0.0,0.211,0.789
47,BBCNorthAmerica,Plinofficial: The downfall of a Russian rapper who loved dollars https://t.co/OHaYJrc5ne,2020-05-16 23:42:44,0.5994,0.281,0.0,0.719
48,BBCNorthAmerica,"RT @BBCWorld: From visiting relatives, to a day at the football, the last school run or a meal out with a partner

What was your #LastNorma‚Ä¶",2020-05-16 18:38:31,0.0,0.0,0.0,1.0
49,BBCNorthAmerica,New York Giants's Deandre Baker surrenders after robbery charge https://t.co/asQabefAFr,2020-05-16 17:02:13,0.0,0.0,0.0,1.0
50,BBCNorthAmerica,JC Penney: US department store files for bankruptcy https://t.co/30UR9lh4uX,2020-05-16 12:43:23,0.0,0.0,0.0,1.0
51,BBCNorthAmerica,Steve Linick: Trump fires state department inspector general https://t.co/s4PTU3yE0a,2020-05-16 07:17:07,0.0,0.0,0.0,1.0
52,BBCNorthAmerica,Kobe Bryant helicopter crash post-mortem released https://t.co/Z9BMmYDveZ,2020-05-16 00:18:24,-0.4019,0.0,0.31,0.69
53,BBCNorthAmerica,Coronavirus: Two Americas in the nation's capital https://t.co/VHmqu7xBuE,2020-05-15 22:41:39,0.0,0.0,0.0,1.0
54,BBCNorthAmerica,Trump vows Covid-19 vaccine will be ready by 2021 https://t.co/IWHpJ0RgtH,2020-05-15 18:11:03,0.3612,0.217,0.0,0.783
55,BBCNorthAmerica,Five arrested for brazen teen abduction over drug debt https://t.co/G2aevso9Ef,2020-05-15 16:18:33,-0.8555,0.0,0.573,0.427
56,BBCNorthAmerica,RT @BBCBusiness: US targets Huawei with tighter chip export rules https://t.co/gvkb1iAUh4,2020-05-15 15:17:30,0.0,0.0,0.0,1.0
57,BBCNorthAmerica,RT @BBCOS: Texas hairdresser Shelley Luther was jailed for keeping her salon open despite coronavirus restrictions. She explains why she di‚Ä¶,2020-05-15 13:24:50,-0.4939,0.0,0.138,0.862
58,BBCNorthAmerica,NFL's Deandre Baker and Quinton Dunbar charged with armed robbery https://t.co/OnE1f6y4Ke,2020-05-15 11:34:39,-0.2023,0.0,0.153,0.847
59,BBCNorthAmerica,Rick Bright: 'Ousted' US expert says 'inaction' caused virus deaths https://t.co/iNJjSJXQ4v,2020-05-14 22:19:26,0.2263,0.209,0.144,0.647
60,BBCNorthAmerica,US church sues Zoom after Bible study 'zoombombed' by porn https://t.co/Z2URQzLxqU,2020-05-14 18:25:26,0.0,0.0,0.0,1.0
61,BBCNorthAmerica,Coronavirus: Are states reopening ahead of White House guidelines? https://t.co/se7v18zkeS,2020-05-14 18:00:43,0.0,0.0,0.0,1.0
62,BBCNorthAmerica,Appalachian Trail: Covid postpones the great American adventure https://t.co/dGQrmUfubn,2020-05-14 17:53:55,0.6486,0.441,0.145,0.414
63,BBCNorthAmerica,Richard Burr: US Senate intelligence chairman resigns amid FBI probe https://t.co/6Wi9425KhG,2020-05-14 16:41:44,0.2023,0.215,0.16,0.625
64,BBCNorthAmerica,RT @BBCBreaking: Republican chairman of US Senate intelligence committee Richard Burr to resign amid insider trading investigation https://‚Ä¶,2020-05-14 16:41:22,0.1779,0.144,0.112,0.744
65,BBCNorthAmerica,Coronavirus: Is the pandemic relaxing US drinking laws? https://t.co/4Dei3Dhkiu,2020-05-14 14:44:27,0.4939,0.286,0.0,0.714
66,BBCNorthAmerica,"The US has been hit hard by the coronavirus pandemic

Over 83,000 people have died and tens of millions are 
unemployed

We want to hear how you've been coping - how has the pandemic and social isolation impacted your mental health?

Email us at noise@bbc.co.uk https://t.co/bBJOpGb39r",2020-05-14 13:45:52,-0.7506,0.025,0.151,0.824
67,BBCNorthAmerica,RT @BBCWorld: Hollywood actor Matt Damon stuns local Irish radio station with surprise interview https://t.co/IrjbRyzYO7,2020-05-14 10:57:49,0.296,0.198,0.0,0.802
68,BBCNorthAmerica,Coronavirus: Trump say Dr Fauci's warning 'not acceptable' https://t.co/p0sew8gemn,2020-05-14 01:27:31,-0.5207,0.0,0.384,0.616
69,BBCNorthAmerica,Republicans snatch rarest prize of California seat https://t.co/SjGP0idRMs,2020-05-13 23:25:59,0.5106,0.32,0.0,0.68
70,BBCNorthAmerica,Coronavirus: US accuses China of hacking coronavirus research https://t.co/dBqG8gVNW0,2020-05-13 22:07:18,-0.34,0.0,0.231,0.769
71,BBCNorthAmerica,"RT @BBCWorld: It took a group of volunteers 45 minutes to rescue a wild horse stuck in a deep mud hole in the foothills of Alberta, Canada‚Ä¶",2020-05-13 21:45:00,0.3182,0.109,0.066,0.825
72,BBCNorthAmerica,Coronavirus response: Things the US has got right - and got wrong https://t.co/Qrkw2T6X3I,2020-05-13 20:25:53,-0.4767,0.0,0.205,0.795
73,BBCNorthAmerica,Ex-Trump aide Paul Manafort to serve sentence at home amid virus fears https://t.co/X4arN4uzxX,2020-05-13 16:52:02,-0.3612,0.086,0.185,0.728
74,BBCNorthAmerica,Coronavirus: US 'won't use Russian ventilators' linked to fires https://t.co/lZtyTJtVdk,2020-05-13 16:08:47,0.0,0.0,0.0,1.0
75,BBCNorthAmerica,"RT @BBCNewsnight: ""It's kind of like a science fiction movie, but it's real.""

Robert De Niro talks to @Maitlis about life in New York duri‚Ä¶",2020-05-13 15:57:44,0.154,0.063,0.0,0.937
76,BBCNorthAmerica,Breonna Taylor: Lawsuit after US health worker shot dead by police https://t.co/3kFYhtwB4d,2020-05-13 11:19:43,-0.7351,0.0,0.383,0.617
77,BBCNorthAmerica,Rapper 6ix9ine has $200k charity donation rejected https://t.co/V7N6YoaSrJ,2020-05-13 00:17:31,-0.128,0.231,0.273,0.496
78,BBCNorthAmerica,Joe Biden assault claim: What does 'believe women' mean now? https://t.co/yyxXysJvKQ,2020-05-12 21:42:14,-0.5859,0.0,0.275,0.725
79,BBCNorthAmerica,"RT @BBCWorld: In a virtual hearing, Dr Anthony Fauci, the top US health expert, said premature reopening of states could lead to avoidable‚Ä¶",2020-05-12 19:01:27,0.2023,0.076,0.0,0.924
80,BBCNorthAmerica,Coronavirus and tipping: Will the outbreak make us more generous? https://t.co/NyDf8A8cu4,2020-05-12 18:59:05,0.5563,0.264,0.0,0.736
81,BBCNorthAmerica,"A few days ago, the US officially declared Covid-19 deaths outnumbered those of Americans lost in the Vietnam, Afghanistan and Iraq wars

Watch the full video ‚û°Ô∏è https://t.co/TG75HLkuRk

@franzstrasser @hannahlonghiggs https://t.co/cbHK59YY3f",2020-05-12 18:29:45,-0.7096,0.0,0.164,0.836
82,BBCNorthAmerica,"Although the US surpassed South Korea in rate of testing on 15 April, a flawed roll out meant it took the US more than three weeks longer to test 350 out of 100,000 residents

The US death rate is now 50 times higher

https://t.co/TG75HLkuRk https://t.co/DjMsGZld4C",2020-05-12 18:29:44,-0.5994,0.0,0.081,0.919
83,BBCNorthAmerica,"A lack of testing has meant that many states were flying blind and didn‚Äôt know how many residents had been infected 

https://t.co/TG75HLkuRk https://t.co/U3Y7dcHA54",2020-05-12 18:29:44,-0.802,0.0,0.291,0.709
84,BBCNorthAmerica,"There is a reason for the varied responses

It‚Äôs a big country with some states hit much harder than others

https://t.co/TG75HLkuRk https://t.co/eo3H9d0wr4",2020-05-12 18:29:43,0.0,0.0,0.0,1.0
85,BBCNorthAmerica,"It took Georgia and South Carolina more than two weeks to order residents to stay at home

https://t.co/TG75HLkuRk https://t.co/W0zzP3h0DU",2020-05-12 18:29:43,0.0,0.0,0.0,1.0
86,BBCNorthAmerica,"Some states reacted quickly and ordered residents to stay at home days before they reached the grim milestone of 1 in 1 million deaths

https://t.co/TG75HLkuRk https://t.co/UTWmxIZI8C",2020-05-12 18:29:42,-0.5106,0.048,0.127,0.825
87,BBCNorthAmerica,"Most states did declare lockdowns - covering 92% of the population - but their response time varied

And some still haven‚Äôt declared a lockdown even weeks after they had 1 in 1 million residents die due to Covid-19

https://t.co/TG75HLkuRk https://t.co/Btd2yQOy1k",2020-05-12 18:29:41,-0.7469,0.0,0.121,0.879
88,BBCNorthAmerica,"By looking at 1 in 1 million deaths as ‚ÄòDay 1‚Äô we can see that European countries locked down within a few days

The US has still not declared a federal lockdown, more than 45 days later

https://t.co/TG75HLkuRk https://t.co/sZzfM5OxuE",2020-05-12 18:29:40,0.0,0.0,0.0,1.0
89,BBCNorthAmerica,"Some have measured response time by looking at first cases or first deaths, but to factor in population size we looked at when a country had one death per one million residents

https://t.co/TG75HLkuRk https://t.co/2vkgahkiqD",2020-05-12 18:29:40,-0.7469,0.0,0.14,0.86
90,BBCNorthAmerica,"In January, President Trump banned travel from China, but just 10 percent of arrivals received temperature checks

It took six weeks for the US to restrict travel from Europe - the other hotspot

https://t.co/TG75HLkuRk https://t.co/CUolRPDubK",2020-05-12 18:29:39,-0.6597,0.0,0.141,0.859
91,BBCNorthAmerica,"As the US tries to find an end to the lockdowns it‚Äôs important to go back to the beginning

In this thread we look at the missed opportunities in the early weeks that allowed the virus to spread largely undetected

Watch ‚û°Ô∏è https://t.co/TG75HL2TsK https://t.co/lNErjobMTw",2020-05-12 18:29:37,0.296,0.091,0.045,0.864
92,BBCNorthAmerica,Anthony Fauci: The face of America's fight against coronavirus https://t.co/vL3WroHelR,2020-05-12 16:34:02,-0.3818,0.0,0.224,0.776
93,BBCNorthAmerica,US Supreme Court hears arguments over Trump's tax returns https://t.co/wVAO7NV6GK,2020-05-12 14:07:45,0.2263,0.252,0.189,0.559
94,BBCNorthAmerica,Coronavirus: Fauci to warn Senate of 'needless suffering and death' https://t.co/83f14KwBjB,2020-05-12 11:36:54,-0.8126,0.0,0.512,0.488
95,BBCNorthAmerica,White House staff ordered to wear masks https://t.co/vGRaJY0miO,2020-05-11 22:24:41,0.0,0.0,0.0,1.0
96,BBCNorthAmerica,"RT @BBCWorld: President Trump says US now conducting 300,000 tests per day and will hit the 10m mark for total tests this week 

Some publi‚Ä¶",2020-05-11 21:38:42,0.0,0.0,0.0,1.0
97,BBCNorthAmerica,"RT @BBCWorld: ""Next year we're going to have one of the best years we've ever had""

President Trump says US economy will improve in coming‚Ä¶",2020-05-11 20:53:04,0.7964,0.236,0.0,0.764
98,BBCNorthAmerica,"RT @BBCWorld: President Trump says US coronavirus testing is part of plan to ""gradually and safely reopen America"", adding many Americans a‚Ä¶",2020-05-11 20:42:21,0.4939,0.132,0.0,0.868
99,BBCNorthAmerica,The BBC's Anthony Zurcher attends President Trump's press briefing on coronavirus testing https://t.co/eea1Y5QGZV,2020-05-11 20:22:38,0.0,0.0,0.0,1.0
100,CBS,CBS Sunday Night Movies is presenting Titanic and we feel like the king of the world. The fun starts TOMORROW at 7/6c on CBS and @CBSAllAccess. #CBSMovieNight https://t.co/hgUCFbxiVc,2020-05-23 16:02:00,0.7003,0.182,0.0,0.818
101,CBS,"RT @CBSSunday: This week #SundayMorning was nominated for ""Outstanding Morning Show"" for the 47th Daytime Emmy Awards

Congratulations to o‚Ä¶",2020-05-23 14:52:09,0.8979,0.391,0.0,0.609
102,CBS,"RT @CBSEveningNews: ON THE ROAD: Since Memorial Day parades and gatherings are cancelled, @SteveHartmanCBS has a patriotic request: he‚Äôs ca‚Ä¶",2020-05-23 00:13:01,-0.25,0.0,0.095,0.905
103,CBS,Set sail with a classic this holiday weekend when #CBSMovieNight airs Titanic this Sunday at 7pm/6c on CBS and @CBSAllAccess. https://t.co/FefgNt4h5N,2020-05-22 23:00:00,0.481,0.135,0.0,0.865
104,CBS,Don't miss @EBraeden and more in #CBSMovieNight's presentation of Titanic this Sunday at 7/6c on CBS. https://t.co/sIpf7M2WnR,2020-05-22 22:14:52,0.1139,0.083,0.0,0.917
105,CBS,"In one week, you can turn DIY hairDON‚ÄôTs into hairDO‚Äôs with Haircut Night in America hosted by @RebeccaRomijn and @MrJerryOC, a special that promises to be a cut above the rest. Watch it Friday, May 29, at 8pm/7c on CBS and @CBSAllAccess. #HaircutNightCBS https://t.co/SYN7m5fBJc",2020-05-22 22:06:06,0.4939,0.11,0.043,0.847
106,CBS,"Let‚Äôs see your lip sync skills in action. Your favorite moments from #CBSMovieNight, like this Sunday's Titanic, are on TikTok. https://t.co/7p0Gw6djPp https://t.co/fzzODS8Ro5",2020-05-22 21:29:51,0.6705,0.216,0.0,0.784
107,CBS,"RT @CBSAllAccess: Weekend plans are set:
‚úÖ Dive into an action-packed @SWATCBS
‚úÖ Catch up with @TheGoodFight's Christine Baranski on the @c‚Ä¶",2020-05-22 21:13:27,0.0,0.0,0.0,1.0
108,CBS,"Can Javier demonstrate his soccer skills? Well, if you insist. @Broke https://t.co/irknCnCdWw",2020-05-22 20:24:19,-0.1779,0.141,0.188,0.671
109,CBS,RT @johnkrasinski: Wow who can believe when we started this thing together we all just wanted good news to be more fully represented in our‚Ä¶,2020-05-22 19:36:10,0.7717,0.226,0.0,0.774
110,CBS,"RT @CBSNews: ""On @johnkrasinski‚Äôs very first episode of @somegoodnews, he asked why has there never been a news show dedicated entirely to‚Ä¶",2020-05-22 19:35:55,0.4588,0.125,0.0,0.875
111,CBS,RT @ALOTO: üá∫üá∏ The brand new series of Game On! premieres on @CBS in the US on 27th May. The series is based on A League of their Own and is‚Ä¶,2020-05-22 18:43:48,0.0,0.0,0.0,1.0
112,CBS,RT @ViacomCBS: This week‚Äôs @CBS Sunday Movie Night feature is @TitanicMovie. How is this @TheAcademy winner connected to another @Paramount‚Ä¶,2020-05-22 17:46:46,0.5859,0.167,0.0,0.833
113,CBS,"Watch the @gameon premiere Wednesday, May 27 at 8/7c on CBS and @CBSAllAccess. https://t.co/rp86h4uq4P",2020-05-22 17:31:01,0.0,0.0,0.0,1.0
114,CBS,"RT @TheTalkCBS: .@CBS continues CBS Sunday night at the movies with the beloved film ‚ÄúTitanic,‚Äù which debuted in theaters two decades ago b‚Ä¶",2020-05-22 17:19:46,0.5106,0.13,0.0,0.87
115,CBS,"RT @MATTHEWHOFFMAN1: Tonight would have been the launch of @loveislandusa Season 2. I cannot wait to return to that padded, windowless room‚Ä¶",2020-05-22 00:34:02,0.0,0.0,0.0,1.0
116,CBS,"RT @CBSInnovationTV: üéâ #InnovationNation is nominated for THREE @DaytimeEmmys!

We can't contain our excitement &amp; want to send a huge THANK‚Ä¶",2020-05-21 23:34:19,0.4523,0.242,0.097,0.661
117,CBS,"RT @latelateshow: On tonight's show, @RobGronkowski reveals the phone call with @tombrady that convinced him to return to the NFL üëÄ

Plus @‚Ä¶",2020-05-21 23:33:17,0.4019,0.109,0.0,0.891
118,CBS,RT @RealRonHoward: If you haven‚Äôt watched @68Whiskey yet - this should be your next series binge! @CBSAllAccess https://t.co/lB6TPbZr5W,2020-05-21 23:27:28,0.0,0.0,0.0,1.0
119,CBS,RT @broke: And we're LIVE! Join us on the @CBS Facebook right now for #JaimesHappyHour with @JaimeCamil and @IanKarmel from @latelateshow a‚Ä¶,2020-05-21 22:03:25,-0.2244,0.087,0.122,0.791
120,CBS,"RT @Venuseswilliams: What have I gotten myself into?! Check out the @GameOn premiere next week on @CBS!¬†¬†üëÄ@RobGronkowski, @KeeganMKey, @Bob‚Ä¶",2020-05-21 21:41:12,0.0,0.0,0.0,1.0
121,CBS,"Stay cool this summer with these summer essentials from the CBS Store. Shop water bottles, tanks, and more now: https://t.co/dCCQk6HROt https://t.co/6tjgHRlA5I",2020-05-21 21:16:30,0.3182,0.103,0.0,0.897
122,CBS,RT @joshgroban: I‚Äôll be on @CBSSunday this Sunday morning and doing a Facebook Live chat right after. I love this show and I‚Äôm so happy to‚Ä¶,2020-05-21 19:09:57,0.8733,0.271,0.0,0.729
123,CBS,"RT @letsmakeadeal: Wow, congrats @WayneBrady! üòç https://t.co/23XI16Wjyv",2020-05-21 19:01:53,0.8883,0.6,0.0,0.4
124,CBS,RT @BandB_CBS: Congratulations are in order for the #BoldandBeautiful nominees! üí´ Let's give these stars some love for their #DaytimeEmmy n‚Ä¶,2020-05-21 19:01:16,0.8172,0.297,0.067,0.636
125,CBS,RT @PriceIsRight: Thank you for the nomination! ü§óüôè https://t.co/7wzVmph9NC,2020-05-21 19:01:07,0.68,0.359,0.0,0.641
126,CBS,RT @YandR_CBS: Please join us in congratulating these outstanding #YR #DaytimeEmmy nominees! üèÜ Don't miss their big night June 26th only on‚Ä¶,2020-05-21 18:59:16,0.8495,0.363,0.0,0.637
127,CBS,"RT @TheTalkCBS: Join us in congratulating THE TALK hosts and hard-working crew of @thetalkcbs on 6 @DaytimeEmmys nominations, including OUT‚Ä¶",2020-05-21 18:58:56,0.296,0.104,0.0,0.896
128,CBS,"CBS leads the #DaytimeEmmyAward nominations with 70. Don‚Äôt miss the 47th ANNUAL DAYTIME EMMY¬Æ AWARDS when it returns to CBS Friday, June 26 at 8pm/7c. https://t.co/NqrerdqCMS https://t.co/3bBdbo81Gk",2020-05-21 18:56:56,0.4824,0.119,0.051,0.83
129,CBS,"@MrJerryOC @CBSAllAccess @RebeccaRomijn @PKSubban1 @lindseyvonn @KellyOsbourne We believe in you, Jerry. Also we recommend cutting hair over burning hair. ‚úÇÔ∏è",2020-05-21 18:02:17,0.25,0.114,0.068,0.818
130,CBS,RT @MrJerryOC: HAIRCUT NIGHT IN AMERICA 10/29 @CBS @CBSAllAccess Really hope I don't burn @RebeccaRomijn hair off. @PKSubban1 @lindseyvonn‚Ä¶,2020-05-21 17:56:58,0.4927,0.151,0.0,0.849
131,CBS,".@MrJerryOC &amp; @RebeccaRomijn host HAIRCUT NIGHT IN AMERICA, featuring America‚Äôs top hair stylists in an at-home DIY Celebrity &amp; frontline health workers ‚Äúcut-a-long‚Äù w/ @KellyOsbourne @lindseyvonn &amp; @PKSubban1 8p/7c Friday, 5/29 on CBS and @CBSAllAccess. https://t.co/75FqUvaOvV https://t.co/IeKzEo9HM3",2020-05-21 17:06:50,0.2023,0.048,0.0,0.952
132,CBS,‚úã https://t.co/SAa4W8JuVS,2020-05-21 00:03:38,0.4939,0.615,0.0,0.385
133,CBS,RT @NorahODonnell: A note about broadcasting in the era of COVID-19 https://t.co/oiYGv40JfS,2020-05-20 23:55:32,0.0,0.0,0.0,1.0
134,CBS,"We have a TV manifest posted for your weekend viewing pleasure. Join us for Titanic on #CBSMovieNight, which sets sail this Sunday, promptly at 7/6c on CBS and @CBSAllAccess. https://t.co/RdujeY3pTF",2020-05-20 23:28:57,0.7096,0.174,0.0,0.826
135,CBS,"RT @CBSAllAccess: The Stand is coming. Get your first look at @WhoopiGoldberg as Mother Abigail, Alexander Skarsg√•rd as Randall Flagg, and‚Ä¶",2020-05-20 21:54:45,0.0,0.0,0.0,1.0
136,CBS,RT @swatcbs: It's all good. Stream #SWAT tonight at 10/9c on @CBS and @CBSAllAccess: https://t.co/ANyt4qWHHf https://t.co/kVC92p7CjT,2020-05-20 21:18:09,0.4404,0.162,0.0,0.838
137,CBS,RT @BandB_CBS: The next two years just got even more #BoldandBeautiful! üíô B&amp;B has officially been renewed for two more seasons. Learn more‚Ä¶,2020-05-20 20:38:30,0.0,0.0,0.0,1.0
138,CBS,Watching Titanic on #CBSMovieNight with your own Jack or Rose from afar this weekend? Feel like KING OF THE WORLD with these Zoom backgrounds you can use when the movie starts Sunday at 7/6c on CBS and @CBSAllAccess. https://t.co/arMhkGXN49,2020-05-20 20:22:21,0.3612,0.062,0.0,0.938
139,CBS,"RT @THR: After streaming online the past four years, the Daytime Emmys will air on CBS this June https://t.co/fyPW7WutcC",2020-05-20 18:55:21,0.0,0.0,0.0,1.0
140,CBS,"RT @Variety: CBS to Air Daytime Emmys, Which Returns to TV for the First Time in Five¬†Years https://t.co/OyMqqvHCG5",2020-05-20 18:54:34,0.0,0.0,0.0,1.0
141,CBS,RT @TVLine: 2020 #DaytimeEmmys to Air on CBS in June; Winners and Guests Will Appear Remotely https://t.co/WViG7EI7t7,2020-05-20 18:53:17,0.4767,0.162,0.0,0.838
142,CBS,RT @DEADLINE: Daytime Emmys To Air Live Virtual Ceremony On CBS In June; Nominations Coming Thursday https://t.co/Wz1GdJhdhI https://t.co/r‚Ä¶,2020-05-20 18:53:08,0.0,0.0,0.0,1.0
143,CBS,RT @EW: CBS is bringing back the Daytime Emmys to broadcast TV https://t.co/r30Ziw6Tvn,2020-05-20 18:52:42,0.0,0.0,0.0,1.0
144,CBS,"Big announcement on @TheTalkCBS today: The 47th ANNUAL DAYTIME EMMY¬Æ AWARDS will return to CBS Friday, June 26 at 8pm ET/PT. Join @TheTalkCBS and @ETNow tomorrow when they announce #DaytimeEmmyAward nominations. https://t.co/sQ9gqbh2wC",2020-05-20 18:30:35,0.7125,0.161,0.0,0.839
145,CBS,Celebrate #AsianPacificAmericanHeritageMonth with @NCISLA's @DanielaRuah and CBS. https://t.co/Wu5JFKLcWN,2020-05-20 17:03:13,0.5719,0.346,0.0,0.654
146,CBS,"RT @CBSThisMorning: One year ago today, @GayleKing, @AnthonyMasonCBS and @TonyDokoupil started anchoring together on @CBSThisMorning!  

@V‚Ä¶",2020-05-20 13:35:21,0.0,0.0,0.0,1.0
147,CBS,RT @TheUnicornCBS: Anybody catch @Jeopardy tonight? üëÄ https://t.co/SsiHX1n2J0,2020-05-20 13:32:38,-0.4767,0.0,0.307,0.693
148,CBS,Let us help you make plans for later this year with the  2020-2021 CBS Primetime Schedule. https://t.co/hvQ3WEaevR https://t.co/4LqNExzIiX,2020-05-19 23:32:03,0.4019,0.137,0.0,0.863
149,CBS,RT @IAMQUEENLATIFAH: I am so excited to be joining the @cbs family as The Equalizer! Coming to your screens Sundays at 8pm this Fall! #TheE‚Ä¶,2020-05-19 23:21:22,0.5719,0.134,0.0,0.866
150,CBS,"RT @gameon: Elite athletes. Epic challenges. #GameOn premieres Wednesday, May 27 at 8/7c on CBS! https://t.co/j9K1BntSe3",2020-05-19 22:25:51,0.1511,0.096,0.0,0.904
151,CBS,RT @CBSAllAccess: A fresh show has just hit CBS All Access. Every episode of the military drama 68 Whiskey is ready to binge! #68WhiskeyTV‚Ä¶,2020-05-19 21:24:45,0.6239,0.188,0.0,0.812
152,CBS,RT @hicusick: Back in the fall!!! @macgyvercbs https://t.co/1iKgk8qQgm,2020-05-19 21:22:58,0.0,0.0,0.0,1.0
153,CBS,RT @TVGuide: Here's @CBS's Fall 2020 tv schedule https://t.co/YReZdRvytW https://t.co/N6dvcNdlkc,2020-05-19 21:22:50,0.0,0.0,0.0,1.0
154,CBS,RT @Cudlitz: #Clarice is coming to @cbs. Could not be more proud of this talented group. @Alex_Kurtzman #jennylemut @BecEBreeds @kalpenn #n‚Ä¶,2020-05-19 21:22:34,0.1354,0.132,0.111,0.758
155,CBS,"Acclaimed Executive Producers @Alex_Kurtzman and Jenny Lumet talk about their new drama #Clarice, coming soon to CBS. https://t.co/ZbMipcLnw7",2020-05-19 19:25:24,0.0,0.0,0.0,1.0
156,CBS,"Before #TheEqualizer joins the New 2020-2021 CBS Primetime Schedule, Executive Producer and Star @QueenLatifah and Executive Producers/Co-Creators Terri Miller and Andrew Marlowe say a few words about the new CBS drama. https://t.co/6jnr3xn2Bl",2020-05-19 19:24:12,0.0,0.0,0.0,1.0
157,CBS,"From Executive Producers Chuck Lorre and Marco Pennette comes #BPositive, a new CBS comedy about getting a life. https://t.co/6hzgboonZT",2020-05-19 19:20:33,0.3612,0.122,0.0,0.878
158,CBS,"We're so excited to share the New 2020-2021 CBS Primetime Schedule with you. For more information about the new lineup, click here: https://t.co/hvQ3WErPnp https://t.co/pz2fDA7nWC",2020-05-19 19:19:00,0.6318,0.19,0.0,0.81
159,CBS,RT @thegoodfight: Psst... Hey! Have a friend who still hasn't seen #TheGoodFight? Now's the time to change that with a one month free trial‚Ä¶,2020-05-19 18:04:08,0.7777,0.236,0.0,0.764
160,CBS,RT @TheTalkCBS: The hosts play a quarantine ‚ÄúQuickie Deals‚Äù version of @letsmakeadeal with @WayneBrady and Jonathan Mangum (@Mangum1) and d‚Ä¶,2020-05-18 23:55:17,0.34,0.112,0.0,0.888
161,CBS,"Near, far, wherever you are, #CBSMovieNight has Titanic this week. We set sail this Sunday at 7pm/6c on CBS and @CBSAllAccess. https://t.co/oo6kqbrqGA",2020-05-18 23:26:20,0.0,0.0,0.0,1.0
162,CBS,"RT @broke: On this week's new #JaimesHappyHour, #Broke's @JaimeCamil welcomes the hilarious @IanKarmel from the new CBS show @GameOn and Th‚Ä¶",2020-05-18 21:31:17,0.3818,0.206,0.107,0.687
163,CBS,"As we continue to experience these strange times, remember to stay connected. #AloneTogether https://t.co/49hz15cO3k",2020-05-18 20:24:16,-0.2023,0.0,0.122,0.878
164,CBS,"Thanks for watching #MissionImpossible with us. Tune in Sunday, May 24 at 7/6c for next week's #CBSMovieNight, Titanic, on CBS. https://t.co/zF0caLoAkC",2020-05-18 02:30:07,0.4404,0.127,0.0,0.873
165,CBS,"Same, after watching all that action. #CBSMovieNight https://t.co/tR8HSjj8hj",2020-05-18 02:29:48,0.0,0.0,0.0,1.0
166,CBS,It's the conductor's last day before retirement. He doesn't have time for this. #CBSMovieNight https://t.co/Wtp9kNz3pN,2020-05-18 02:25:21,0.0,0.0,0.0,1.0
167,CBS,We love an old-timey chunnel pursuit sequence. What's your favorite stunt from the #MissionImpossible movies? #CBSMovieNight https://t.co/VFlnLIRU8c,2020-05-18 02:24:23,0.802,0.324,0.0,0.676
168,CBS,"How we remember our commute

#CBSMovieNight https://t.co/68aYfEZWKx",2020-05-18 02:22:40,0.0,0.0,0.0,1.0
169,CBS,@JohnGumm @Bob_Herzog @Local12 @dopplertim @TomCruise There's still time. https://t.co/5CBa38hzbR,2020-05-18 02:07:30,0.0,0.0,0.0,1.0
170,CBS,"@TeamRickandIlsa Especially the tall, bearded Russian guy in the beginning of the movie! üòâ #CBSMovieNight",2020-05-18 02:05:47,0.0,0.0,0.0,1.0
171,CBS,@ReparSandra We're in for the long haul! Just wait until Titanic next week.  üòä #CBSMovieNight https://t.co/CGB12ljHsk,2020-05-18 02:04:50,0.7424,0.259,0.0,0.741
172,CBS,"Inspired by another classic, THAT scene is even more iconic than you may have thought. #CBSMovieNight https://t.co/omQnD2D4Is",2020-05-18 02:00:00,0.4939,0.167,0.0,0.833
173,CBS,@CathyWanza We remember (but we're like 90). üòâ https://t.co/RwBgd4LnPe,2020-05-18 01:59:24,0.5023,0.265,0.0,0.735
174,CBS,@MrPEC_Tacular https://t.co/F0WOmcacKQ,2020-05-18 01:50:11,0.0,0.0,0.0,1.0
175,CBS,"When you discover you're out of hand sanitizer 

#CBSMovieNight https://t.co/FUX8jo5HCJ",2020-05-18 01:38:38,0.4939,0.262,0.0,0.738
176,CBS,"Does anyone have this level of core strength at this point of the quarantine? OK, probably @TomCruise. #CBSMovieNight https://t.co/U0uZnjz18J",2020-05-18 01:37:18,0.4939,0.151,0.0,0.849
177,CBS,"To be honest, didn't we all have this look of anxiety when working on computers in 1996? #CBSMovieNight https://t.co/yIPO3tL22I",2020-05-18 01:35:41,0.3818,0.15,0.077,0.773
178,CBS,It's weird to think that this is how we used to read email. #CBSMovieNight https://t.co/nz4CzzhGAu,2020-05-18 01:35:13,-0.1779,0.0,0.108,0.892
179,CBS,"Ethan's really cruising.

Oh, we see what we did there. #CBSMovieNight https://t.co/i89gn4sJud",2020-05-18 01:22:49,0.0,0.0,0.0,1.0
180,CBS,Pssh. Of course the answer is that Tom Cruise does his own stunts. üôÉ https://t.co/TfqO1dYXiX,2020-05-18 01:21:19,0.0,0.0,0.0,1.0
181,CBS,What we say when we encounter two doctors. (We'll see ourselves out.) #CBSMovieNight https://t.co/3w4ybsfFHh,2020-05-18 01:02:10,0.0,0.0,0.0,1.0
182,CBS,Who was Tom Cruise‚Äôs Stunt Double in #MissionImpossible? #CBSMovieNight,2020-05-18 01:00:18,0.0,0.0,0.0,1.0
183,CBS,"Remember when we had to type ""INTERNET ACCESS"" to log on to the internet? Neither do we. #CBSMovieNight https://t.co/qv9Z4bbKsw",2020-05-18 00:49:56,0.0,0.0,0.0,1.0
184,CBS,#TFW when you forget why you walked in this room. #CBSMovieNight https://t.co/kAEBGTWgQj,2020-05-18 00:47:35,-0.2263,0.0,0.147,0.853
185,CBS,"In the end, the aquarium restaurant tanked.

See @TomCruise talk to @etnow back in 1996 about the making of the restaurant stunt here: https://t.co/pPEKEEGmhb https://t.co/YFBySDLJvx",2020-05-18 00:38:31,0.0,0.0,0.0,1.0
186,CBS,"Logging into your tenth Zoom meeting of the day

#CBSMovieNight https://t.co/c7MJHMQiSX",2020-05-18 00:36:56,0.0,0.0,0.0,1.0
187,CBS,The correct answer was Job 314. https://t.co/ww4IP4Uc8L,2020-05-18 00:35:35,0.0,0.0,0.0,1.0
188,CBS,We bet today's spies dress more business casual. #CBSMovieNight https://t.co/H058l9jEsU,2020-05-18 00:30:11,0.2682,0.188,0.0,0.812
189,CBS,An all-time action film with a more stealthy take on the star of the show. #CBSMovieNight https://t.co/usLr0kv5t6,2020-05-18 00:30:00,-0.101,0.0,0.08,0.92
190,CBS,"@frid_barnabas Yeah, it is. üòä https://t.co/r9oxrfjTo6",2020-05-18 00:24:17,0.802,0.539,0.0,0.461
191,CBS,"RT @CBSAllAccess: Your mission, should you choose to accept it: join us to watch #MissionImpossible on @CBS and #CBSAllAccess LIVE! #CBSMov‚Ä¶",2020-05-18 00:23:16,0.6239,0.211,0.0,0.789
192,CBS,Ethan Hunt figures out the connection between a Bible verse and a hidden identity. What was the code name? #CBSMovieNight,2020-05-18 00:15:28,0.0,0.0,0.0,1.0
193,CBS,"Trying to determine which show you're going to binge next like

#CBSMovieNight https://t.co/ntVcicJdpz",2020-05-18 00:13:45,0.3612,0.172,0.0,0.828
194,CBS,"Stop trying to make ""Hasta lasagna, don't get any on ya"" happen, Jack. #CBSMovieNight https://t.co/3keX7hBadd",2020-05-18 00:11:55,-0.296,0.0,0.136,0.864
195,CBS,Mission: Adorable. And Deadly #CBSMovieNight https://t.co/i2cFUROtjD,2020-05-18 00:09:26,0.4939,0.39,0.0,0.61
196,CBS,"""We need to talk"" is a look. #CBSMovieNight https://t.co/Px2ToxbaXe",2020-05-18 00:08:50,0.0,0.0,0.0,1.0
197,CBS,This advice is what makes us such an effective spy while sheltering in place. #CBSMovieNight https://t.co/IVTcXsgriu,2020-05-18 00:08:14,0.4767,0.171,0.0,0.829
198,CBS,"When you listen to the #MissionImpossible theme song, but like, *really* listen to it.

Did you know this movie's version of the theme was made by Larry Mullen, Jr. and Adam Clayton of U2? #CBSMovieNight https://t.co/AeIMS93k2U",2020-05-18 00:06:27,0.5023,0.085,0.0,0.915
199,CBS,"A special Tom Cruise Easter Egg hidden, with a call back to another one of his most famous roles. #CBSMovieNight https://t.co/sr5s5YicNc",2020-05-18 00:05:00,0.4019,0.119,0.0,0.881
200,CNN,"President Trump made another play to his base, declaring churches and houses of worship ""essential"" and sharply warning the nation's governors that he would ""override"" any actions taken that interfere with the resumption of religious services | Analysis https://t.co/9HuQdSNxBy",2020-05-23 19:03:03,0.296,0.107,0.056,0.837
201,CNN,The drop in air travel due to the Covid-19 pandemic has meant that Alaska's Anchorage International Airport has overtaken the likes of Hartsfield-Jackson Atlanta and London Heathrow to briefly become the world's busiest airport https://t.co/dZyTDr0HDF,2020-05-23 18:53:02,0.1779,0.074,0.055,0.871
202,CNN,"An ADHD coach and educator share how parents can help their kids thrive in remote learning, balance homeschooling with a neurodivergent child while working from home and work through frustrations together https://t.co/diRxxYNRVq",2020-05-23 18:43:07,0.2263,0.133,0.081,0.786
203,CNN,"Georgia is definitely in play in the 2020 presidential election, even if it isn't as strong a pickup opportunity for Democrats as some other states. https://t.co/Q4pBOBq79q",2020-05-23 18:33:05,0.6367,0.242,0.083,0.675
204,CNN,"CNN talked to ""Top Chef"" and ""Mind of a Chef"" alum Ed Lee, who has restaurants in Louisville, Kentucky, and around Washington, DC, to get his thoughts on whether restaurants can survive the Covid-19 shutdown and what they'll look like in the future https://t.co/GJg87oAFea",2020-05-23 18:22:07,0.5106,0.093,0.0,0.907
205,CNN,Thrift stores around the country are getting a deluge of donations from people who've had months to think about the things they don't need while sheltering at home during the coronavirus pandemic https://t.co/KTAxvWdXJz,2020-05-23 18:12:04,0.0,0.0,0.0,1.0
206,CNN,When do you think this pandemic began? Join @FareedZakaria to learn what he discovered. CNN Special Report ‚Äì China‚Äôs Deadly Secret airs Sunday at 9 p.m. ET/PT https://t.co/DdpveMaY7j,2020-05-23 18:00:13,0.5994,0.159,0.0,0.841
207,CNN,"Fred Yonnet offers a creative solution to unite his band, Frederic Yonnet and The Band with No Name, and play safely, during the pandemic https://t.co/oPOmYjrHWq",2020-05-23 17:54:04,0.8225,0.327,0.067,0.606
208,CNN,Joe Biden is adopting some of his former Democratic presidential primary rivals' best-known tactics as he seeks to bridge the party's gaps headed into his general election match-up against President Trump https://t.co/2KzRModhWK,2020-05-23 17:44:03,0.0,0.0,0.0,1.0
209,CNN,"Astronomers have spotted a massive disk galaxy, not unlike our own, that formed 12.5 billion years ago when our 13.8 billion-year-old universe was only a tenth of its current age. https://t.co/31UIWYMw9m",2020-05-23 17:33:04,0.0,0.0,0.0,1.0
210,CNN,"Moderna's chief financial officer and chief medical officer executed options and sold nearly $30 million of shares combined on Monday and Tuesday, SEC filings reviewed by CNN Business show https://t.co/hRI30ljYdH",2020-05-23 17:22:03,0.296,0.071,0.0,0.929
211,CNN,".@npwcnn goes inside one of Sao Paulo‚Äôs favelas, home to some of Brazil‚Äôs poorest areas, where emergency workers are struggling to treat people with Covid-19 as confirmed cases skyrocket in the country. https://t.co/Lt8KaPE3B0 https://t.co/k7dLl5M6xb",2020-05-23 17:18:46,-0.7351,0.065,0.214,0.721
212,CNN,"NASA is seeking US citizens for an eight-month study on social isolation in preparation for missions to Mars and the moon.
https://t.co/pJwaZATOqG",2020-05-23 17:11:03,-0.4019,0.0,0.114,0.886
213,CNN,Nike has turned to King James to carry out its latest message about how sports can teach us a lot about hope and perseverance when times are tough https://t.co/7ESF3kRNJE,2020-05-23 17:00:15,0.34,0.092,0.048,0.86
214,CNN,"Rescue crews have retrieved the data recorder from the Pakistan International Airlines plane that crashed on Friday, killing at least 97 passengers and crew members https://t.co/68YaUNzp55",2020-05-23 16:44:06,-0.2732,0.104,0.139,0.757
215,CNN,"Spandau Ballet front man and 1980s icon Tony Hadley has stepped in to solve a bizarre controversy erupting in Singapore, earning a man a cash prize by clarifying exactly how the star's surname is pronounced https://t.co/zZUp6vfmIN",2020-05-23 16:33:04,0.4215,0.126,0.057,0.817
216,CNN,"As Europe's beaches fill up with sunseekers, alarmed authorities face the challenge of keeping coronavirus in check while giving citizens the space and respite they need after months of lockdown restrictions. https://t.co/yYTAqcFEZI",2020-05-23 16:22:04,0.0772,0.105,0.068,0.826
217,CNN,The nation's rental car companies are in deep trouble. And that's another blow for the already struggling auto industry. https://t.co/YfsvJOv7sm,2020-05-23 16:12:02,-0.6705,0.0,0.234,0.766
218,CNN,"More than 125 San Francisco firefighters are battling a four-alarm warehouse fire Saturday on Pier 45, the city's fire department says. The blaze was first reported at 4:17 a.m. local time (7:17 a.m. ET) and has been contained to a section of the pier. https://t.co/NKwbyoBlst",2020-05-23 15:53:03,-0.7096,0.0,0.141,0.859
219,CNN,"The number of coronavirus-related deaths in New York is below 100, down to 84 deaths yesterday, according to Gov. Cuomo.

‚ÄúFor me, it's just a sign¬†that we're making real progress,‚Äù he says. https://t.co/kgEdv6RaP4 https://t.co/FfpYNGYYrz",2020-05-23 15:47:05,0.0772,0.037,0.0,0.963
220,CNN,"""Look, I know your anger, but recusal was required by law. I did my duty &amp; you're damn fortunate I did. It protected the rule of law &amp; resulted in your exoneration,"" former Trump-appointed AG Jeff Sessions said in a late Friday tweet directed at Trump https://t.co/NZuUnXyVap",2020-05-23 15:44:06,0.4215,0.136,0.104,0.76
221,CNN,"Gatorland in Orlando is reopening today, and the park will be implementing temperature checks and is giving away free face masks to guests.

‚ÄúWe‚Äôre very serious about safety,‚Äù Gatorland President and CEO Mark McHugh says. https://t.co/KuSncMGGii",2020-05-23 15:42:20,0.6258,0.141,0.04,0.819
222,CNN,"Scientists at NASA say we're currently in a ""Grand Solar Minimum."" The last occurrence was between 1650 and 1715, during what's known as the Little Ice Age.

But this solar minimum won't spark another ice age, they say. That's likely due to climate change. https://t.co/uDCgMUl9kW",2020-05-23 15:31:04,0.0003,0.043,0.043,0.915
223,CNN,"North Dakota Gov. Doug Burgum fought back tears in a news conference: ‚ÄúIf someone is wearing a mask, they're not doing it to represent what political party they're in ‚Ä¶ They might be doing it because they‚Äôve got a 5-year-old child who‚Äôs been going through cancer treatments‚Äù https://t.co/ovQa4MK5YN",2020-05-23 15:26:22,-0.7096,0.049,0.156,0.796
224,CNN,"A four-alarm fire has destroyed a quarter of San Francisco‚Äôs Pier 45, officials say. https://t.co/98Wg3J9Cs8 https://t.co/2OjJTLNcyM",2020-05-23 15:23:38,-0.6808,0.0,0.286,0.714
225,CNN,The pandemic could reshape the world order. Trump's chaotic strategy is accelerating US losses | Analysis by @NicRobertsonCNN https://t.co/mzxmEJcSvw,2020-05-23 15:16:03,-0.7096,0.0,0.258,0.742
226,CNN,"A 20-year-old man is facing assault and battery charges after a video surfaced of him attacking a 75-year-old man at a nursing home in Detroit, according to police. https://t.co/5GrX7LsJ7r",2020-05-23 15:02:04,-0.836,0.0,0.255,0.745
227,CNN,The US has successfully tested a new high-energy laser weapon that can destroy aircraft mid-flight https://t.co/NwBULyGQ9O,2020-05-23 14:44:00,-0.3612,0.146,0.26,0.594
228,CNN,"RT @CNNSotu: SUNDAY: @WhiteHouse Senior Advisor Kevin Hassett, @GovMurphy, @SenRickScott &amp; @RepValDemings join #CNNSOTU live! Tune in on üì∫‚Ä¶",2020-05-23 14:38:38,0.3595,0.122,0.0,0.878
229,CNN,"RT @drsanjaygupta: For many of us, Memorial Day marks the beginning of summer. But, that doesn‚Äôt mean we can go back to normal. I still don‚Ä¶",2020-05-23 14:38:18,0.0,0.0,0.0,1.0
230,CNN,"This priest thought he would have a little fun on Easter ‚Äî and observe social distancing, of course ‚Äî by using a plastic squirt gun to dispense holy water on parishioners https://t.co/OdBXfYGA12",2020-05-23 14:31:06,0.1548,0.085,0.068,0.847
231,CNN,Victoria's Secret is permanently closing 250 stores in the US and Canada https://t.co/zyNkn0AF4A,2020-05-23 14:16:04,0.0,0.0,0.0,1.0
232,CNN,"San Francisco firefighters are battling a four-alarm warehouse fire on Pier 45, the city's fire department says. https://t.co/RhqiZbXuFU https://t.co/awFVl1hyWx",2020-05-23 14:12:19,-0.7096,0.0,0.301,0.699
233,CNN,A school surprised a little girl by including a photo of her service dog in the yearbook https://t.co/GaGPnJgUV3 https://t.co/KTaofPhm1U,2020-05-23 14:01:05,0.2263,0.095,0.0,0.905
234,CNN,"‚ÄúI think there's genuine hostility¬†between the two of them that goes back to 2016,‚Äù journalist and author Kate Andersen Brower tells @smerconish as President Trump continues to take swipes at former President Obama. https://t.co/eC4vLLWhyp https://t.co/MXJIBoS9mz",2020-05-23 13:58:47,-0.5423,0.0,0.091,0.909
235,CNN,"The University of California is suspending ACT and SAT tests as an admissions requirement until 2024. 

‚ÄúIt‚Äôs a win-win"" for both colleges and high school students, says Bob Schaeffer, interim executive director of FairTest. https://t.co/R3l7Menpry https://t.co/7ep1bezq7V",2020-05-23 13:51:48,0.0,0.0,0.0,1.0
236,CNN,"CNN‚Äôs @smerconish: ‚ÄúWhat are the consequences¬†of [Elon] Musk straddling the political¬†fence?¬†Maybe that my new car is really¬†purple, despite the exterior¬†shade of gray, which suits me¬†just fine.‚Äù https://t.co/1SNz73RUEE https://t.co/sy4HUazLEZ",2020-05-23 13:36:49,0.0,0.0,0.0,1.0
237,CNN,.@FareedZakaria investigates China and Covid-19. Discover what he learned in the new CNN Special Report ‚Äì China‚Äôs Deadly Secret. Sunday at 9 p.m. ET/PT https://t.co/lWwjSLfse9,2020-05-23 13:30:10,0.4019,0.101,0.0,0.899
238,CNN,"‚ÄúHe‚Äôs¬†shooting himself in his own¬†foot,‚Äù political science and law professor Richard Hasen says about Pres. Trump‚Äôs claims on mail-in voting. ‚Äú‚Ä¶I think Republicans really need to turn this¬†around and ensure that their¬†voters too are not¬†disenfranchised‚Äù https://t.co/WX9jkVncem https://t.co/5ndHzDyLSA",2020-05-23 13:24:42,0.3818,0.06,0.0,0.94
239,CNN,"Studies show that there is no evidence that mail-in voting gives any party an edge ‚Äî and it could even increase voter turnout. So why is President Trump so against it? @smerconish explores. 
https://t.co/WX9jkVncem https://t.co/xULHI0z4m8",2020-05-23 13:12:09,0.4215,0.128,0.056,0.816
240,CNN,Your Memorial Day barbecue will look different this year. Here's how to make the most of it ‚Äî and stay safe while you celebrate. https://t.co/OqND4UHxMm https://t.co/aDBZCmklDg,2020-05-23 13:02:07,0.765,0.216,0.0,0.784
241,CNN,Millions of cicadas are expected to emerge this year after 17 years underground https://t.co/S9UaaQ7YwN https://t.co/jKPbk7iYK8,2020-05-23 12:44:02,0.0,0.0,0.0,1.0
242,CNN,"A hairstylist worked while symptomatic and exposed 91 people to coronavirus, according to health officials. https://t.co/OACQ5Yvlhs",2020-05-23 12:29:01,-0.0772,0.0,0.08,0.92
243,CNN,"Growing evidence suggests that Covid-19 infection, like with other illnesses, is related to prolonged time exposed to the virus. The longer you stay in an environment that may contain the virus, the higher the risk of getting sick. https://t.co/X59CkL4XnR",2020-05-23 12:01:07,-0.6908,0.089,0.21,0.701
244,CNN,Johnson &amp; Johnson is abandoning a product that it may be most identified with and has been selling for more than 100 years -- talc-based baby powder. https://t.co/Jbe9hgfiTv,2020-05-23 11:31:02,-0.3818,0.0,0.088,0.912
245,CNN,"We want to help you discover your lost WWII family history. To commemorate the 75th anniversary of the end of WWII, CNN is seeking submissions from those who have unanswered questions about their family in that time period.

Submit your family story here: https://t.co/zDQLpautkb",2020-05-23 11:15:05,0.1779,0.085,0.049,0.867
246,CNN,"It is becoming increasingly evident that hurricanes, typhoons, and tropical cyclones worldwide are becoming stronger and potentially more deadly as the globe warms due to the climate crisis, according to a new study https://t.co/IVdRNgV2uI",2020-05-23 11:01:07,-0.1027,0.118,0.103,0.779
247,CNN,"Green snow created by blooming algae in the Antarctic Peninsula is likely to spread as temperatures increase as a result of climate change, researchers say. https://t.co/TK9oY8MEew",2020-05-23 10:31:04,0.5106,0.152,0.0,0.848
248,CNN,"""My dream is to meet every kid in the entire world and give them art."" This girl has sent over 1,500 children in homeless shelters and foster care homes art kits to give them an uplifting activity for when they're feeling down during the pandemic. https://t.co/Qzb80wWTZ5",2020-05-23 10:01:03,0.6908,0.135,0.0,0.865
249,CNN,"This man thought his pet donkey would not remember him after he had been under quarantine, but the beloved animal gave him an unexpectedly emotional reunion https://t.co/cOeJcd2ZwN https://t.co/WUQ5bfu13b",2020-05-23 09:31:07,0.7469,0.196,0.0,0.804
250,CNN,"Dr. James ""Charlie"" Mahoney, a doctor who died while on the front line of the fight against coronavirus, had been a physician for over 30 years -- and was directing his own medical care up until he was intubated. https://t.co/CvfHZWfqSs",2020-05-23 09:01:03,-0.4588,0.069,0.134,0.797
251,CNN,"Scientists have created a mouse embryo that's part human ‚Äî 4% to be exact.

This human-mouse chimera has by far the highest number of human cells ever recorded in an animal, according to researchers. https://t.co/v9e8K1EO0e",2020-05-23 08:31:07,0.3182,0.091,0.0,0.909
252,CNN,"An 8-year-old therapy dog named Moose is officially a very good boy, after he was awarded an honorary doctorate in veterinary medicine from Virginia Tech last week. https://t.co/AJO3RLqZwz",2020-05-23 08:01:05,0.807,0.249,0.0,0.751
253,CNN,Think you're a seasoned globetrotter? Put your knowledge to the test in this quiz https://t.co/BDXmCxIfkB https://t.co/zb5ED1UO4C,2020-05-23 07:46:00,0.0,0.0,0.0,1.0
254,CNN,Astronomers believe they have observed the first direct evidence of planet birth in a young star system 520 light-years away https://t.co/DQByRIy2oU,2020-05-23 07:31:03,0.0,0.0,0.0,1.0
255,CNN,This family discovered two bags containing nearly $1 million in cash while on an afternoon drive https://t.co/SKDt6WXGyB https://t.co/BmwfcROFzv,2020-05-23 07:13:49,0.0,0.0,0.0,1.0
256,CNN,"Coronavirus testing in the United States is disorganized and needs coordination at the national level, infectious disease experts say in a new report https://t.co/KJlIyHMmmi",2020-05-23 07:01:07,0.1531,0.104,0.081,0.815
257,CNN,"A giant wave has appeared on the LED fa√ßade of South Korea's biggest digital billboard, located in Seoul's Gangnam District https://t.co/XC6Xygv6n3 https://t.co/bR2kMV16z9",2020-05-23 06:51:09,0.0,0.0,0.0,1.0
258,CNN,This family got a rare surprise when their pregnant cat gave birth: a kitty with two faces https://t.co/idjx9SZdvt https://t.co/odCBv4i54y,2020-05-23 06:51:09,0.2732,0.104,0.0,0.896
259,CNN,"When Eric Yuan founded Zoom, he set out to create a 'frictionless' video conferencing app to be used by businesses. But then a global pandemic turned Zoom into a household name https://t.co/t5rcPey4od",2020-05-23 06:46:03,0.1406,0.048,0.0,0.952
260,CNN,New Zealand's Jacinda Ardern has floated the idea of a four-day working week to help the economy in the wake of the coronavirus pandemic https://t.co/mGBVTaQrV1,2020-05-23 06:31:02,0.4019,0.101,0.0,0.899
261,CNN,"Hertz has filed for bankruptcy ‚Äî the latest victim of the economic downturn amid Covid-19.

The company has been renting cars since 1918 and has survived the Great Depression, the virtual halt of US auto production during WWII and numerous oil price shocks https://t.co/Xm3vR8tM6m",2020-05-23 06:16:00,-0.0,0.135,0.153,0.712
262,CNN,This extreme parkour team likes to leap between skyscrapers and launch themselves off cliffs https://t.co/YBGyGyeRw3 https://t.co/zFIX0Lqtdd,2020-05-23 06:04:12,0.4703,0.17,0.0,0.83
263,CNN,"NBA legend Magic Johnson has announced that EquiTrust Life Insurance Co., of which the Hall of Famer owns a majority, is providing $100 million in capital to fund federal loans for minority and women business owners who have been hit hard by the pandemic https://t.co/BLYykA4vGV",2020-05-23 06:01:01,-0.1027,0.0,0.031,0.969
264,CNN,The UK's Prince Charles has called on students and furloughed workers to pick fruit and vegetables to plug shortages in the labor market caused by the coronavirus pandemic https://t.co/TsbWJAFLih,2020-05-23 05:46:03,-0.1531,0.0,0.054,0.946
265,CNN,Another heir of Walt Disney is publicly expressing disgust with the company his grandfather founded for furloughing thousands of workers while continuing to pay its executives millions of dollars and massive bonuses https://t.co/U8MHaRuXaQ,2020-05-23 05:31:05,-0.1779,0.093,0.136,0.771
266,CNN,"Nursing homes have no claim to their residents' stimulus checks, but that hasn't stopped some facilities from trying to take them anyway. https://t.co/rD0QbAbv8y",2020-05-23 05:16:05,0.1025,0.081,0.065,0.854
267,CNN,"""To use the 'freedom of religion' argument to demand carte blanche to demand the opening of religious venues is to proffer a fallacious argument that can potentially lead to physical harm and, in the worst case, death."" | Father Edward Beck for @CNNOpinion https://t.co/UhzdiEDxsb",2020-05-23 05:14:02,-0.9231,0.07,0.327,0.603
268,CNN,"If the US began social distancing a week earlier than it did, it could've prevented at least 36,000 coronavirus deaths, new research shows.

If the US locked down two weeks earlier, it could've prevented 84% of deaths and 82% of cases, the research shows. https://t.co/RChR3HDMaq",2020-05-23 05:01:03,0.0516,0.049,0.0,0.951
269,CNN,Are there legal consequences for not respecting social distancing? The answer to that question depends on intent. https://t.co/NB3aZ8DOOS https://t.co/jbNRSBgxBf,2020-05-23 04:46:06,-0.2796,0.071,0.124,0.805
270,CNN,"A Japanese woman known as ""Gamer Grandma"" to her 250,000 YouTube subscribers, started gaming almost 40 years ago. 

""After living for this long, I feel more than ever that playing games for this long was the right choice,"" she said.  https://t.co/8bEgYelnDO",2020-05-23 04:31:05,0.2023,0.043,0.0,0.957
271,CNN,Migrants seeking refuge in the US have been largely barred from humanitarian relief in the wake of stringent border control measures the Trump administration put in place during the coronavirus pandemic https://t.co/rmSuROubEa,2020-05-23 04:22:05,0.4767,0.091,0.0,0.909
272,CNN,"""At issue is whether Hong Kong is governed by its own laws, under the semi-autonomous status that has made it an enclave of relative democracy and liberalism ... or under China's,"" Joy Park writes for @CNNOpinion https://t.co/XEVKIsxX6S",2020-05-23 04:21:05,0.5859,0.095,0.0,0.905
273,CNN,"For three days straight, this high school's 3 band directors traveled 168 miles from home to home to visit their 85 senior band students. For 15 minutes each, they played the school's fight song while their students watched in delight from their doorsteps. https://t.co/ozxFA0QxHT",2020-05-23 04:16:05,0.6808,0.161,0.051,0.787
274,CNN,The patchwork response to the coronavirus has borne out as expected: a patchwork of results. Welcome to the coronavirus summer. | Analysis by @LaurenDezenski https://t.co/kIMAaJKrBv,2020-05-23 04:13:05,0.4588,0.111,0.0,0.889
275,CNN,"Daily carbon emissions declined 17% between January and early April, compared to average levels in 2019, and could decline anywhere between 4.4% to 8% by the year's end, a study shows. https://t.co/KdJD8x3PxU",2020-05-23 04:01:06,0.0,0.0,0.0,1.0
276,CNN,"When students finally return to school, sweeping changes will be in place to help stop the spread of coronavirus https://t.co/9GiVw9oHmm",2020-05-23 03:42:20,0.128,0.118,0.096,0.786
277,CNN,"A Georgia man is charged with defrauding his employer by falsely claiming he was infected with Covid-19, federal prosecutors say https://t.co/rkMUIJ8Fez",2020-05-23 03:32:05,-0.6124,0.0,0.208,0.792
278,CNN,"A Trump administration official wrote in a strongly worded letter to Los Angeles officials that he was concerned that the mayor and county health director were taking ""an arbitrary and heavy-handed approach to continuing stay-at-home requirements."" https://t.co/reH8JYkWnI",2020-05-23 03:18:30,0.2732,0.055,0.0,0.945
279,CNN,"Wilson Roosevelt Jerman, a former White House butler who worked under 11 US Presidents, has died after contracting coronavirus, his granddaughter confirms. He was 91 years old. https://t.co/tUO3wFTDfv",2020-05-23 03:01:03,-0.5574,0.0,0.118,0.882
280,CNN,"The company has been renting cars since 1918, when it set up shop with a dozen Ford Model Ts, and has survived the Great Depression, the virtual halt of US auto production during World War II and numerous oil price shocks. https://t.co/FT1JBtGaU0",2020-05-23 02:49:00,-0.4215,0.136,0.187,0.678
281,CNN,"Hertz has filed for bankruptcy.

The rental-car giant ‚Äî which also operates the Dollar, Thrifty and Firefly brands ‚Äî has been devastated by the plunge in travel since the coronavirus pandemic hit. https://t.co/NH1xPpsGLG",2020-05-23 02:47:28,-0.6124,0.0,0.111,0.889
282,CNN,"Prosecutors in Kentucky have filed a motion to drop attempted murder and assault charges against Kenneth Walker, the boyfriend of slain EMT Breonna Taylor, according to Commonwealth's Attorney Tom Wine https://t.co/d7eWjD2yFy",2020-05-23 02:38:49,-0.9136,0.0,0.32,0.68
283,CNN,Basketball Hall of Famer and Georgetown men's basketball coach Patrick Ewing said he has tested positive for the novel coronavirus https://t.co/EbHblvJ8jY,2020-05-23 02:28:58,0.7096,0.237,0.0,0.763
284,CNN,"RT @CuomoPrimeTime: Despite having no authority, Trump deems places of worship ‚Äúessential.‚Äù

@ChrisCuomo: ‚Äú[He] knows he does not have the‚Ä¶",2020-05-23 02:26:32,0.3322,0.157,0.0,0.843
285,CNN,"""The danger is certainly very much out there,"" says Ohio Gov. Mike DeWine about going to places of worship during the coronavirus pandemic. ""We want people to be very careful. ... If you're sick, don't go to church. If you're older, you might think about maybe not going."" https://t.co/urTgQRCnRw",2020-05-23 02:25:43,-0.228,0.136,0.117,0.748
286,CNN,"Sportscaster Bob Costas says ""The Last Dance"" would have been ""highly-rated under any circumstances, but ... with no other original sports content to speak of, then it was all the more welcomed from sports fans. ... Jordan was almost unique in the way that he transcended sports."" https://t.co/8m5Hy5CbIn",2020-05-23 02:24:56,-0.1787,0.066,0.097,0.837
287,CNN,"Former Obama White House adviser John Holdren says the national supply stockpile is not equipped to handle a second Covid-19 surge. 

""It was severely depleted during that swine flu epidemic, and it has never been replenished to any substantial extent since then."" https://t.co/CQ6es7Bs6K",2020-05-23 02:22:37,-0.5859,0.038,0.118,0.844
288,CNN,"Queens, NY Assemblyman @rontkim reacts to reports that coronavirus patients were sent to nursing homes in New York.

""I was absolutely shocked. ... Nursing homes aren't hospitals. These are Covid positive patients that should have been treated at hospitals or other facilities."" https://t.co/xJdqePUliY",2020-05-23 02:21:13,0.2516,0.076,0.055,0.869
289,CNN,"Researchers in China reported results from one of the first Covid-19 vaccine trials, but experts who spoke to CNN were skeptical of their findings and called the data lukewarm https://t.co/teHFlgUu6k",2020-05-23 02:16:12,-0.4497,0.0,0.092,0.908
290,CNN,"""It's not about Trump. It's about who is going to present the best deal for black people. ... I vote my interests, and my interests are black.""

-Radio host @cthagod on Joe Biden saying ""if you have a problem figuring out  whether you're for me or Trump, then you ain't black."" https://t.co/tc7ipWYW5K",2020-05-23 02:09:59,0.6705,0.139,0.046,0.815
291,CNN,"The US Centers for Disease Control and Prevention acknowledged that it had mixed together results from viral and antibody coronavirus tests on its website.

Eleven states also confirmed mixing viral and antibody test results. https://t.co/CDpPYJRwAd",2020-05-23 02:00:18,0.0,0.0,0.0,1.0
292,CNN,"Religious institutions should provide soap and hand sanitizer, encourage the use of cloth masks and clean their facilities daily if they want to open while coronavirus is still spreading, the CDC says in newly released guidance https://t.co/VOHy1ZF7xL",2020-05-23 01:47:41,0.8591,0.241,0.0,0.759
293,CNN,"Michigan Gov. Gretchen Whitmer today signed a new executive order that extends the state's safer-at-home order to June 12.

The order also extends the temporary closure of certain places of public accommodation, such as theaters, gyms, and casinos. https://t.co/h4Q6oZe02u",2020-05-23 01:37:22,0.4767,0.124,0.0,0.876
294,CNN,"The head of the DOJ‚Äôs civil rights division wrote in a strongly-worded letter to LA officials that he was concerned that the mayor and county health director were taking ""an arbitrary and heavy-handed approach to continuing stay-at-home requirements.‚Äù https://t.co/gFYa1wJwMO",2020-05-23 01:27:08,0.0,0.0,0.0,1.0
295,CNN,The Trump administration is attempting to galvanize international anger at China's repressive Hong Kong human rights law to rally allies behind the White House's aggressive approach to Beijing. But the effort is receiving pushback from business leaders. https://t.co/ikbjBrh4UX,2020-05-23 01:13:31,-0.5187,0.0,0.133,0.867
296,CNN,"Whether due to political pressure ‚Äî a charge Dr. Stephen Hahn denies ‚Äî or the natural burden of dealing with a global pandemic, the FDA has had to issue a number of high-profile walk-backs and revisions to its efforts to tackle the coronavirus https://t.co/hbnyH5JE4p",2020-05-23 01:00:57,-0.6249,0.075,0.156,0.769
297,CNN,When do you think this pandemic began? Join @FareedZakaria to learn what he discovered. CNN Special Report ‚Äì China‚Äôs Deadly Secret airs Sunday at 9 p.m. ET/PT https://t.co/zbAIMnjT2N,2020-05-23 01:00:12,0.5994,0.159,0.0,0.841
298,CNN,Duke University President Vincent Price says he is looking at altering the fall semester schedule for in-person instruction ‚Äúto compress the work that the students are doing so that we have less travel in and out of campus.‚Äù https://t.co/Fgsfs8m7mr https://t.co/UupEYHJY1v,2020-05-23 00:51:00,0.0,0.0,0.0,1.0
299,CNN,"Here are business stories you need to read today.

ü•© The cost of beef right now is up 12% from last year

üè† With housing inventory low, prices are climbing

üåè Businesses fear the worst for Hong Kong's future

üèà ESPN plans Tom Brady docuseries

https://t.co/OjQwAqGmJQ",2020-05-23 00:48:05,-0.8885,0.0,0.197,0.803
300,FoxNews,https://t.co/2qdU7FPo55,2020-05-23 18:57:31,0.0,0.0,0.0,1.0
301,FoxNews,https://t.co/yXkmmxrt34,2020-05-23 15:46:42,0.0,0.0,0.0,1.0
302,FoxNews,https://t.co/ho4UJ6V6JR,2020-05-23 14:55:20,0.0,0.0,0.0,1.0
303,FoxNews,https://t.co/I3Y9DP8hq2,2020-05-23 13:27:25,0.0,0.0,0.0,1.0
304,FoxNews,https://t.co/h7H27oi5ug,2020-05-23 12:37:16,0.0,0.0,0.0,1.0
305,FoxNews,https://t.co/ycR6H7pa5T,2020-05-23 01:38:38,0.0,0.0,0.0,1.0
306,FoxNews,https://t.co/R6EmLIRE1w,2020-05-23 00:59:44,0.0,0.0,0.0,1.0
307,FoxNews,https://t.co/XKCbQxjdBq,2020-05-22 23:49:05,0.0,0.0,0.0,1.0
308,FoxNews,RT @foxnation: TONIGHT: @cmorganmusic will perform live on Fox Nation. Tune in for the special tribute to our fallen heroes starting at 8p‚Ä¶,2020-05-22 23:15:08,0.5423,0.211,0.088,0.702
309,FoxNews,https://t.co/Cob58yjFON,2020-05-22 21:10:28,0.0,0.0,0.0,1.0
310,FoxNews,https://t.co/uumNtSskqD,2020-05-22 19:59:52,0.0,0.0,0.0,1.0
311,FoxNews,https://t.co/qmdG6UTrVK,2020-05-22 19:12:15,0.0,0.0,0.0,1.0
312,FoxNews,https://t.co/yxDGwP9pFl,2020-05-22 14:04:16,0.0,0.0,0.0,1.0
313,FoxNews,https://t.co/Bbj1M4kaOp,2020-05-22 13:44:13,0.0,0.0,0.0,1.0
314,FoxNews,https://t.co/OCX35cNGTf,2020-05-22 13:09:17,0.0,0.0,0.0,1.0
315,FoxNews,https://t.co/OAUidEeZ5w,2020-05-22 09:52:57,0.0,0.0,0.0,1.0
316,FoxNews,https://t.co/RsoszBO0da,2020-05-22 02:08:16,0.0,0.0,0.0,1.0
317,FoxNews,https://t.co/vijZAsfcUu,2020-05-22 01:05:28,0.0,0.0,0.0,1.0
318,FoxNews,https://t.co/zI1Q6h73zB,2020-05-21 23:19:37,0.0,0.0,0.0,1.0
319,FoxNews,https://t.co/Xcb4CdLM2H,2020-05-21 22:18:16,0.0,0.0,0.0,1.0
320,FoxNews,https://t.co/yBJsyLY8Gq,2020-05-21 20:18:23,0.0,0.0,0.0,1.0
321,FoxNews,https://t.co/brwsxl3Se5,2020-05-21 18:52:18,0.0,0.0,0.0,1.0
322,FoxNews,https://t.co/mQtvq6TctN,2020-05-21 16:41:55,0.0,0.0,0.0,1.0
323,FoxNews,https://t.co/u5esviYr6S,2020-05-21 16:41:22,0.0,0.0,0.0,1.0
324,FoxNews,https://t.co/KUEmkBTBJo,2020-05-21 15:06:02,0.0,0.0,0.0,1.0
325,FoxNews,https://t.co/n8wtYZtmYC,2020-05-21 13:00:26,0.0,0.0,0.0,1.0
326,FoxNews,https://t.co/L4PaMkVLBD,2020-05-21 10:50:48,0.0,0.0,0.0,1.0
327,FoxNews,https://t.co/tBOQZERhJl,2020-05-21 02:02:36,0.0,0.0,0.0,1.0
328,FoxNews,https://t.co/ziAjPLpxTN,2020-05-21 01:00:16,0.0,0.0,0.0,1.0
329,FoxNews,https://t.co/ik5O7deVyw,2020-05-20 23:56:12,0.0,0.0,0.0,1.0
330,FoxNews,https://t.co/FvmqWjbCyf,2020-05-20 22:39:01,0.0,0.0,0.0,1.0
331,FoxNews,https://t.co/AbMmbfhzdK,2020-05-20 21:30:24,0.0,0.0,0.0,1.0
332,FoxNews,https://t.co/8qy3W90xIS,2020-05-20 19:42:53,0.0,0.0,0.0,1.0
333,FoxNews,https://t.co/0TrWIITDaJ,2020-05-20 18:41:34,0.0,0.0,0.0,1.0
334,FoxNews,https://t.co/9fkYMPRDva,2020-05-20 16:42:22,0.0,0.0,0.0,1.0
335,FoxNews,https://t.co/C5EMZYziqN,2020-05-20 15:31:43,0.0,0.0,0.0,1.0
336,FoxNews,https://t.co/kXljA8sgCq,2020-05-20 12:48:40,0.0,0.0,0.0,1.0
337,FoxNews,https://t.co/AqZefHtMKF,2020-05-20 11:35:03,0.0,0.0,0.0,1.0
338,FoxNews,https://t.co/ewB9J7IdNy,2020-05-20 10:48:02,0.0,0.0,0.0,1.0
339,FoxNews,https://t.co/MUO02vSLPI,2020-05-20 09:51:19,0.0,0.0,0.0,1.0
340,FoxNews,https://t.co/fKruruHT7y,2020-05-20 09:25:06,0.0,0.0,0.0,1.0
341,FoxNews,https://t.co/JXZIKxBkbr,2020-05-20 02:15:50,0.0,0.0,0.0,1.0
342,FoxNews,https://t.co/oN0N1wtFnA,2020-05-20 01:12:08,0.0,0.0,0.0,1.0
343,FoxNews,https://t.co/5VwOTcpq9Y,2020-05-19 23:45:45,0.0,0.0,0.0,1.0
344,FoxNews,https://t.co/KhkPYNsWsN,2020-05-19 21:58:15,0.0,0.0,0.0,1.0
345,FoxNews,https://t.co/rUcpbPjFPc,2020-05-19 20:55:45,0.0,0.0,0.0,1.0
346,FoxNews,https://t.co/YO4P1Yqbym,2020-05-19 19:52:55,0.0,0.0,0.0,1.0
347,FoxNews,https://t.co/2wM2JMMCt0,2020-05-19 18:47:58,0.0,0.0,0.0,1.0
348,FoxNews,https://t.co/ow0isi4cIv,2020-05-19 16:46:22,0.0,0.0,0.0,1.0
349,FoxNews,https://t.co/fNggMe1YaQ,2020-05-19 15:33:53,0.0,0.0,0.0,1.0
350,FoxNews,https://t.co/hVMWMdlZRt,2020-05-19 15:03:51,0.0,0.0,0.0,1.0
351,FoxNews,https://t.co/tFjO6p50G0,2020-05-19 14:03:14,0.0,0.0,0.0,1.0
352,FoxNews,https://t.co/bHgUjCn7Ei,2020-05-19 12:24:44,0.0,0.0,0.0,1.0
353,FoxNews,https://t.co/We4btt5mzA,2020-05-19 11:19:04,0.0,0.0,0.0,1.0
354,FoxNews,https://t.co/v2em0Wp8qd,2020-05-19 01:45:27,0.0,0.0,0.0,1.0
355,FoxNews,https://t.co/7FViL1Fcyk,2020-05-19 00:35:23,0.0,0.0,0.0,1.0
356,FoxNews,https://t.co/JJfvbVQqEQ,2020-05-18 23:23:28,0.0,0.0,0.0,1.0
357,FoxNews,https://t.co/MDyjjdzGM0,2020-05-18 22:19:29,0.0,0.0,0.0,1.0
358,FoxNews,https://t.co/lRj7qDp1N9,2020-05-18 21:00:27,0.0,0.0,0.0,1.0
359,FoxNews,https://t.co/PHOtX7j8O7,2020-05-18 19:41:53,0.0,0.0,0.0,1.0
360,FoxNews,https://t.co/V6HlW6Vb34,2020-05-18 18:34:35,0.0,0.0,0.0,1.0
361,FoxNews,https://t.co/162Wa3Lu0p,2020-05-18 13:49:03,0.0,0.0,0.0,1.0
362,FoxNews,https://t.co/IQIl2hdfy6,2020-05-18 11:20:11,0.0,0.0,0.0,1.0
363,FoxNews,https://t.co/0mZnjnj42M,2020-05-18 01:36:44,0.0,0.0,0.0,1.0
364,FoxNews,https://t.co/WG5zFOrX8V,2020-05-18 00:35:22,0.0,0.0,0.0,1.0
365,FoxNews,https://t.co/WJUaxHnCqE,2020-05-17 23:28:09,0.0,0.0,0.0,1.0
366,FoxNews,https://t.co/hkTXkJEkhp,2020-05-17 22:08:52,0.0,0.0,0.0,1.0
367,FoxNews,https://t.co/pbi4v3gyqd,2020-05-17 21:04:39,0.0,0.0,0.0,1.0
368,FoxNews,https://t.co/tIvz6yl2dX,2020-05-17 19:57:07,0.0,0.0,0.0,1.0
369,FoxNews,https://t.co/KFSNx2eghq,2020-05-17 18:49:04,0.0,0.0,0.0,1.0
370,FoxNews,https://t.co/1l8RDv4zut,2020-05-17 17:38:28,0.0,0.0,0.0,1.0
371,FoxNews,https://t.co/1X7zixlrTO,2020-05-17 17:38:03,0.0,0.0,0.0,1.0
372,FoxNews,https://t.co/VGJnqsTWW3,2020-05-17 16:07:51,0.0,0.0,0.0,1.0
373,FoxNews,https://t.co/BzQCIBqJYj,2020-05-17 12:35:14,0.0,0.0,0.0,1.0
374,FoxNews,https://t.co/fc0d567c5c,2020-05-17 02:21:49,0.0,0.0,0.0,1.0
375,FoxNews,https://t.co/3CkYUcjQBY,2020-05-17 02:09:50,0.0,0.0,0.0,1.0
376,FoxNews,https://t.co/oz5MoYWrqG,2020-05-17 01:44:39,0.0,0.0,0.0,1.0
377,FoxNews,https://t.co/1k2I5RsKLv,2020-05-16 22:46:17,0.0,0.0,0.0,1.0
378,FoxNews,https://t.co/FwmPG7jNfU,2020-05-16 21:03:28,0.0,0.0,0.0,1.0
379,FoxNews,https://t.co/cq37X01S3a,2020-05-16 20:30:41,0.0,0.0,0.0,1.0
380,FoxNews,https://t.co/dRFSwSIE1h,2020-05-16 19:22:27,0.0,0.0,0.0,1.0
381,FoxNews,https://t.co/Q53Ur7M66q,2020-05-16 18:22:42,0.0,0.0,0.0,1.0
382,FoxNews,https://t.co/TvhxYqHQu9,2020-05-16 16:43:59,0.0,0.0,0.0,1.0
383,FoxNews,https://t.co/UJlA2HE3eK,2020-05-16 14:18:17,0.0,0.0,0.0,1.0
384,FoxNews,https://t.co/f0cJ8SlQ13,2020-05-16 12:34:21,0.0,0.0,0.0,1.0
385,FoxNews,https://t.co/rp0bt6m3c6,2020-05-16 02:09:27,0.0,0.0,0.0,1.0
386,FoxNews,https://t.co/gis2TxhmuL,2020-05-16 01:49:32,0.0,0.0,0.0,1.0
387,FoxNews,https://t.co/y9l9ml8qAS,2020-05-16 01:02:23,0.0,0.0,0.0,1.0
388,FoxNews,https://t.co/itjq1aNtrZ,2020-05-16 00:16:02,0.0,0.0,0.0,1.0
389,FoxNews,https://t.co/DgALsVvLJw,2020-05-15 23:17:59,0.0,0.0,0.0,1.0
390,FoxNews,https://t.co/LokuOpvIKQ,2020-05-15 21:49:21,0.0,0.0,0.0,1.0
391,FoxNews,https://t.co/dOdF21GsS0,2020-05-15 19:57:08,0.0,0.0,0.0,1.0
392,FoxNews,https://t.co/fnDJjIHaly,2020-05-15 19:07:30,0.0,0.0,0.0,1.0
393,FoxNews,https://t.co/fsYYGJ4DJo,2020-05-15 16:33:54,0.0,0.0,0.0,1.0
394,FoxNews,https://t.co/RyO3porIuA,2020-05-15 16:01:50,0.0,0.0,0.0,1.0
395,FoxNews,https://t.co/uYj1I51sk1,2020-05-15 15:33:44,0.0,0.0,0.0,1.0
396,FoxNews,https://t.co/2JPpGe2nfm,2020-05-15 14:45:55,0.0,0.0,0.0,1.0
397,FoxNews,https://t.co/2KB90OZYnb,2020-05-15 12:31:40,0.0,0.0,0.0,1.0
398,FoxNews,https://t.co/vPTSadY5FH,2020-05-15 12:20:58,0.0,0.0,0.0,1.0
399,FoxNews,https://t.co/EySImS9pxN,2020-05-15 09:38:28,0.0,0.0,0.0,1.0
400,nytimes,"China on Saturday reported no new coronavirus deaths or symptomatic cases for the first time since the virus emerged. Surges of Covid-19 in several of South America‚Äôs most populous countries are raising concerns of a new front.

Latest updates: https://t.co/CjwPnEWe4x",2020-05-23 19:00:06,-0.296,0.0,0.053,0.947
401,nytimes,"The coronavirus pandemic, which has killed 325,000 people so far, is colliding with another global menace: a fast-heating planet that acutely threatens millions of people, especially the world‚Äôs poor https://t.co/AMhyGJxY08",2020-05-23 18:40:03,-0.9374,0.0,0.382,0.618
402,nytimes,"The Transportation Department said late Friday that it would tentatively allow 15 airlines to stop flights to about 60 mostly small and midsize U.S. cities, though none of the destinations stand to lose service entirely https://t.co/9hHG1PJffc",2020-05-23 18:28:46,-0.4588,0.048,0.123,0.829
403,nytimes,"In Opinion

""To envision New York as a moonscape of nothing but the few major franchises that can fund a long loss, a monotony of McDonald‚Äôs, Chipotles, Domino‚Äôs and Sweetgreens, is to shudder at an unrecognizably reduced city,"" writes Toby Cecchini. https://t.co/ZutyP1v4du",2020-05-23 18:15:10,-0.4497,0.0,0.067,0.933
404,nytimes,"The coronavirus has upended the plans and priorities of many, including the European Union. One of the biggest casualties may be European efforts to build a more independent European military. https://t.co/QQ6d0nGFM1",2020-05-23 17:50:06,0.0,0.0,0.0,1.0
405,nytimes,"The N.B.A. is in the early stages of discussions with the Walt Disney Company to restart its season in late July at the Walt Disney World Resort in Florida, a league spokesman said https://t.co/MJp0rSX3MP",2020-05-23 17:40:04,0.0,0.0,0.0,1.0
406,nytimes,RT @xanalter: I've been following a strange copyright case that began when a writer in a kinky genre called Omegaverse accused another writ‚Ä¶,2020-05-23 17:30:09,-0.4588,0.0,0.16,0.84
407,nytimes,"""This is a Ramadan like no other. The pandemic, which in Kenya has infected at least 1,109 people and killed at least 50 others, has given us the gift of loneliness,"" writes Abdi Latif Dahir, a New York Times reporter based in Nairobi. https://t.co/U7Te3P3omC",2020-05-23 17:21:08,-0.8074,0.096,0.226,0.677
408,nytimes,"RT @NYTmag: We asked writers, artists, photographers to tell us what they learned in quarantine. From learning to play the piano to inventi‚Ä¶",2020-05-23 17:10:05,0.34,0.098,0.0,0.902
409,nytimes,"Hundreds of people were killed and thousands wounded in the antigovernment protests in Iraq last year. Also, more than 100 people were abducted, and some tortured, by groups opposed to the protests, United Nations investigators found in a new report. https://t.co/2UDG8CkthA",2020-05-23 17:07:42,-0.9081,0.053,0.287,0.66
410,nytimes,"‚ÄúYou can tell a lot about a man by how he treats his dogs‚Äù R.L. Maizes writes in this week‚Äôs Modern Love
https://t.co/q1oaQqSBND",2020-05-23 16:40:06,0.6369,0.16,0.0,0.84
411,nytimes,RT @charlie_savage: One aspect of Trump's subjugation of inspectors general that has received insufficient attention is the unprecedented t‚Ä¶,2020-05-23 16:30:58,0.0,0.0,0.0,1.0
412,nytimes,"RT @Alexandra_Eaton: Check out our latest Quarantine Diary, about Najee Wilson, a 32-year-old artist‚Äôs model whose career has been upended‚Ä¶",2020-05-23 16:20:02,0.0,0.0,0.0,1.0
413,nytimes,"Leading New Zealand from isolation, Jacinda Ardern coaxed her ‚Äúteam of 5 million‚Äù into accepting extreme restrictions. The lessons of her success go beyond personality or charm. https://t.co/48aDggONqu",2020-05-23 16:00:08,0.743,0.252,0.076,0.672
414,nytimes,"In an unexpected executive order, Gov. Andrew Cuomo of New York said that gatherings of up to 10 people would be allowed ‚Äúfor any lawful purpose or reason‚Äù anywhere in the state, provided that social-distance protocols were followed.

Latest updates: https://t.co/9glEt2EIno",2020-05-23 15:40:02,0.0,0.0,0.0,1.0
415,nytimes,RT @randyNYT: ‚ÄúIt‚Äôs scary for everyone.‚Äù Now is the time to hear from athletes weighing the risks as sports begin to or make serious plans‚Ä¶,2020-05-23 15:29:14,-0.6808,0.0,0.231,0.769
416,nytimes,"Joe Biden's tense interview on ‚ÄúThe Breakfast Club,‚Äù a radio show popular with young, black viewers and listeners, demonstrated what his rivals already knew: the show has serious political power https://t.co/e6ZtAOchGT",2020-05-23 15:20:02,0.0258,0.081,0.107,0.812
417,nytimes,"For today, May 23, here‚Äôs how to follow the latest on the coronavirus outbreak. 

üåé Live updates from around the world: https://t.co/MmSf2cu7hb
üóΩ The latest in New York: https://t.co/yGuumIuUOg https://t.co/CnwPEYqM5n",2020-05-23 14:55:05,0.5267,0.093,0.0,0.907
418,nytimes,See our full list of books to read this summer here https://t.co/dThY8nliPz,2020-05-23 14:51:12,0.0,0.0,0.0,1.0
419,nytimes,Here are 7 horror books to add to your reading list this summer https://t.co/fuo6xwuVmH,2020-05-23 14:50:49,-0.5719,0.0,0.222,0.778
420,nytimes,President Trump‚Äôs advisers are increasingly concerned about Sen. Kelly Loeffler‚Äôs campaign in Georgia. The seat is one of a handful that Republicans have grown increasingly worried about. https://t.co/f152VvIgEX,2020-05-23 14:39:04,-0.296,0.0,0.075,0.925
421,nytimes,The University of California will no longer use SAT and ACT scores in admissions decisions. Critics say the tests put less wealthy students at a disadvantage. Those who support keeping them say colleges need a broad yardstick to compare students. https://t.co/tzlK8PyI8E?,2020-05-23 14:22:06,-0.3167,0.102,0.15,0.748
422,nytimes,"Dominic Cummings, the British prime minister‚Äôs top adviser, reportedly drove 260 miles to his parents' house while coming down with the coronavirus. He argued that he behaved ‚Äúreasonably and legally‚Äù and did so for child care needs. https://t.co/j7AXvPUcK6",2020-05-23 13:55:06,0.4144,0.123,0.058,0.818
423,nytimes,"In 2019, just 17% of Americans said they trusted the federal government to do the right thing. The pandemic seems to be further eroding their faith.

‚ÄúEvery time I see a commercial on TV that says we are all in this together, my blood boils,‚Äù said a nurse. https://t.co/JCpExdIPdn",2020-05-23 13:33:47,0.7096,0.112,0.0,0.888
424,nytimes,"This week, Hong Kong discovered the limits to the middle ground that it has carved out: between East and West, between a liberal and an authoritarian order. The territory‚Äôs fate is once again being decided in faraway halls of power. https://t.co/ufVobww5aL",2020-05-23 13:00:15,0.0,0.0,0.0,1.0
425,nytimes,RT @damiencave: THREAD: There‚Äôs been a lot praise for @jacindaardern lately without much context. Here's my attempt to look at how New Zeal‚Ä¶,2020-05-23 12:47:12,0.5574,0.141,0.0,0.859
426,nytimes,Pakistani officials were using DNA samples to identify many of the 97 bodies pulled from wreckage after a Pakistan International Airlines flight crashed in a congested neighborhood near Karachi https://t.co/OpikVdjpy1,2020-05-23 12:30:07,0.0,0.0,0.0,1.0
427,nytimes,"‚ÄúAfter 2-plus months of online school, the last thing I want for my kids this summer is to be on a computer, no matter how engaging the content. I‚Äôd rather have them play outside.‚Äù
https://t.co/41nMrvka65",2020-05-23 12:00:11,0.6157,0.16,0.028,0.812
428,nytimes,"These family-friendly bars are perfect for a backyard picnic
https://t.co/1Ki9I61Xql",2020-05-23 11:00:06,0.5719,0.291,0.0,0.709
429,nytimes,"Spend time with these great weekend reads
https://t.co/NENtwX2heb",2020-05-23 10:00:07,0.6249,0.369,0.0,0.631
430,nytimes,"Every houseplant needs an appropriate home. Here's how to pick the right planter to help your plants thrive.
https://t.co/jQ1BU201sU",2020-05-23 09:07:29,0.4019,0.13,0.0,0.87
431,nytimes,"""New technology in streaming cameras can flag unusual behavior or suggest why the dog might be barking
https://t.co/eTpgeadiWc""",2020-05-23 08:06:17,0.0,0.0,0.0,1.0
432,nytimes,"Dining rooms are reopening in many U.S. states, but that doesn‚Äôt mean you should go. Before you decide, public health experts advise taking these steps. https://t.co/XhZvox9z69",2020-05-23 07:05:36,0.0,0.0,0.0,1.0
433,nytimes,"‚ÄúMost rom-coms stop when the couple gets together,‚Äù said Kumail Nanjiani. ‚ÄúThat‚Äôs generally how the movie ends. But for us in ‚ÄòLovebirds,‚Äô it was, what happens after that? That‚Äôs where the real challenges are.‚Äù https://t.co/cRZ0SzcaIg",2020-05-23 06:43:28,-0.0387,0.04,0.044,0.915
434,nytimes,"‚ÄúWe stay physically apart but find unity in the rituals of fasting and feasting,‚Äù @Lattif writes of Ramadan during the coronavirus pandemic. ‚ÄúThings might be falling apart, but I have come to find comfort and continuity in the small things.‚Äù https://t.co/V5RNSQYFcM",2020-05-23 06:00:03,0.3291,0.074,0.043,0.883
435,nytimes,"The company formerly known as Weight Watchers has recently fired a number of workers during simultaneous Zoom calls. ‚ÄúI was like, what just happened?‚Äù said one employee who was fired after nearly 11 years at the company. https://t.co/kDteScsT7A",2020-05-23 04:40:03,-0.6597,0.084,0.16,0.756
436,nytimes,"China on Saturday reported no new coronavirus deaths or symptomatic cases, the first time that both tallies were zero on a given day since the country‚Äôs outbreak began.

Read the latest on the pandemic from around the world. https://t.co/JiNjpn0qzY",2020-05-23 04:09:58,-0.296,0.0,0.055,0.945
437,nytimes,Here's how to store fresh greens in a smaller space and prolong their life https://t.co/S7hiHRQSy8,2020-05-23 04:01:50,0.3182,0.141,0.0,0.859
438,nytimes,"Museums in the U.S. are carefully reopening, with new policies and protocols in place to protect visitors even in states where infections are on the rise. https://t.co/L2xF1pWNm0",2020-05-23 03:00:07,0.4767,0.141,0.0,0.859
439,nytimes,"U.S. officials warned of punishments ‚Äî possibly including revoking Hong Kong's special economic and trading status ‚Äî in response to a broad new security measure proposed by China, saying it would amount to a ‚Äúdeath knell‚Äù for the city's political freedoms https://t.co/iv2LJblNQ9",2020-05-23 02:40:03,0.34,0.148,0.1,0.752
440,nytimes,"The check that Kayleigh McEnany, the White House press secretary, held up to show that President Trump had donated a quarter of his salary to a government agency appeared to be real ‚Äî complete with bank account and routing numbers https://t.co/lFLd03Fw7o",2020-05-23 02:20:02,0.0,0.0,0.0,1.0
441,nytimes,"Hertz, one of the world‚Äôs largest car rental companies, filed for bankruptcy. It was struggling with debt before the pandemic devastated its business. https://t.co/XdueGJNU5b",2020-05-23 02:11:13,-0.8519,0.0,0.307,0.693
442,nytimes,"‚ÄúWe‚Äôre happy that the case is dismissed,‚Äù said Kenneth Walker‚Äôs lawyer, Rob Eggert. ‚ÄúHe always said that he didn‚Äôt know these were police officers, and they found no drugs in the apartment. None. He was scared for his life and her life.‚Äù https://t.co/BPzOjYDDVt",2020-05-23 02:00:08,0.0788,0.12,0.114,0.766
443,nytimes,"‚ÄúTo me, it‚Äôs the sound of the city aching."" 29 of New York City's 30 quietest days during the last 3 years have been during the pandemic, recordings suggest. The exception was Christmas Day in 2018. https://t.co/3wOkg3LNr9",2020-05-23 01:40:02,-0.4939,0.0,0.082,0.918
444,nytimes,"The video captured by William Bryan brought the world‚Äôs attention to the killing of Ahmaud Arbery. Authorities now say Bryan participated in the deadly confrontation. ‚ÄúIf we believed he was a witness, we wouldn‚Äôt have arrested him,"" an official said. https://t.co/0pztdRmaLS",2020-05-23 01:30:06,-0.8689,0.0,0.205,0.795
445,nytimes,"RT @charlie_savage: A deeper look at how the independent inspectors general system, a key post-Watergate reform to keep government honest,‚Ä¶",2020-05-23 01:19:30,0.0,0.0,0.0,1.0
446,nytimes,RT @jessemckinley: NY health officials are scrambling to understand a mysterious syndrome threatening the lives of dozens of children. With‚Ä¶,2020-05-23 01:10:05,-0.5267,0.0,0.152,0.848
447,nytimes,"‚ÄúThe hallmarks of the coronavirus ad are so consistent they could be generated by bots,"" our critic @amandahess writes. https://t.co/EKHbdDfrno",2020-05-23 01:00:09,-0.2732,0.0,0.1,0.9
448,nytimes,"Patrick Ewing, the former Knicks superstar and the current coach of the Georgetown University men‚Äôs basketball team, announced on Friday evening that he had Covid-19 https://t.co/hz5uTtnfkW",2020-05-23 00:45:03,0.0,0.0,0.0,1.0
449,nytimes,RT @ewong: NEW: US officials warn China on proposed security law on Hong Kong. @SecPompeo says it would be a ‚Äúdeath knell‚Äù ‚Äî and he signals‚Ä¶,2020-05-23 00:42:07,0.25,0.086,0.05,0.863
450,nytimes,At least 161 children in New York have gotten sick ‚Äî and 3 have died ‚Äî from a mysterious syndrome linked to the coronavirus. A team of more than 30 disease detectives is now racing to learn more. https://t.co/aYHAwVsZNO,2020-05-23 00:40:03,-0.7845,0.0,0.157,0.843
451,nytimes,"RT @cliffordlevy: Feels like the right time to remind everyone to follow the @nytimes White House team, the best in the business: @peterbak‚Ä¶",2020-05-23 00:20:20,0.7717,0.242,0.0,0.758
452,nytimes,"If you‚Äôre worried about wiping down grocery bags or disinfecting mailed packages because of the coronavirus, this CDC guidance might bring some relief. It confirms what the agency has been saying for months. https://t.co/osnlkohmJi",2020-05-23 00:00:08,0.2263,0.083,0.059,0.858
453,nytimes,"Amazon is turning to faster shipping times and launching big sales to try to win back customers lost during the pandemic
https://t.co/wEZTOQ0RsV",2020-05-22 23:39:03,0.4939,0.205,0.086,0.709
454,nytimes,"Hong Kong is now squarely in the middle of the growing conflict between China and the U.S., which is increasingly challenging Beijing on a number of fronts
https://t.co/ZKshXpEopl",2020-05-22 23:20:05,0.0772,0.149,0.074,0.777
455,nytimes,"The widespread interruption of routine immunization programs around the world during the pandemic is putting 80 million babies at risk of contracting deadly, vaccine-preventable diseases, a new report shows
https://t.co/eDi1G7cDT1",2020-05-22 23:00:05,-0.5574,0.0,0.141,0.859
456,nytimes,"The coronavirus pandemic poses new safety challenges around water, Lisa L. Lewis writes for @NYTParenting. Experts worry that parents are stretched too thin to provide the required supervision, leading to an increase in child drownings this summer. https://t.co/zGcHCRDaiE",2020-05-22 22:40:04,0.3612,0.148,0.067,0.785
457,nytimes,"For college students, internships can be a steppingstone to full-time work, a vital source of income and even a graduation requirement. Hundreds of companies have now canceled their programs and rescinded offers.
https://t.co/PY1RybZ1Lz",2020-05-22 22:20:04,0.296,0.064,0.0,0.936
458,nytimes,"An overflowing morgue and a reeling ER: Our video goes inside the only hospital in one of New York City‚Äôs hardest-hit zip codes.
https://t.co/hA517wRs0K",2020-05-22 22:10:05,0.0,0.0,0.0,1.0
459,nytimes,"These bars are half peanut butter and jelly sandwich, half summer fruit pie
https://t.co/BHvWkm38rD",2020-05-22 22:00:08,0.0,0.0,0.0,1.0
460,nytimes,"President Trump has begun questioning the official coronavirus death toll, suggesting the numbers, which have hurt his approval ratings and re-election prospects, are inflated. Experts say the death toll is probably far higher than what is publicly known.
https://t.co/iLJQmM6Wkq",2020-05-22 21:40:07,-0.8074,0.104,0.248,0.648
461,nytimes,The coronavirus pandemic has taken an incalculable death toll. We're putting names and faces to the numbers. Here are some of their stories. https://t.co/N3ZgeiHFFW,2020-05-22 21:23:41,-0.5994,0.0,0.145,0.855
462,nytimes,"Lloyd Porter, an actor known for bringing out the best in his neighbors, opened a Brooklyn bakery and cafe with his wife that became a local gathering spot. He died recently from Covid-19 at age 49.
https://t.co/9Dg5gZTQr8",2020-05-22 21:22:04,0.1531,0.098,0.084,0.818
463,nytimes,"A Dutch court has ruled that a woman violated the GDPR in Europe by refusing to take down photos of her grandchildren on social media
https://t.co/H1vYgOeJOC",2020-05-22 21:20:06,-0.7269,0.0,0.203,0.797
464,nytimes,"With New York City beaches closed, nearby towns are limiting beach access to keep sun-starved New Yorkers from flooding their shorelines https://t.co/4fbNyIhMx2",2020-05-22 21:00:08,0.0,0.0,0.0,1.0
465,nytimes,RT @SamSifton: I'd like to share some documents with you. https://t.co/alkpVIaXMQ,2020-05-22 20:50:03,0.5719,0.343,0.0,0.657
466,nytimes,"""My fear is that this good news could lead to complacency, which could lead to a second wave,"" London mayor Sadiq Khan said.
https://t.co/DKmmuHSVST",2020-05-22 20:40:05,0.0451,0.118,0.112,0.77
467,nytimes,Did you follow the headlines this week? Take our quiz to find out. https://t.co/uK124NigSy,2020-05-22 20:20:04,0.0,0.0,0.0,1.0
468,nytimes,"Joe Biden apologized for saying that black voters torn between him and President Trump ""ain‚Äôt black.""

""I shouldn't have been so cavalier,"" he said on a call with black business leaders. https://t.co/UZGgstfaDs",2020-05-22 20:00:49,0.0772,0.067,0.058,0.875
469,nytimes,"For decades, the backbone of the U.S.'s disaster response system has been its army of volunteers who race toward danger to help victims. The pandemic has exposed a critical weakness: Most volunteers are older people at a higher risk from the virus.
https://t.co/sLgwEK1efH",2020-05-22 19:50:04,-0.9274,0.048,0.327,0.625
470,nytimes,"Planning your menu this Memorial Day weekend? @NYTfood has you covered with recipes for delicious dips, crisp salads and grilling options galore. https://t.co/2FYv8YsnwE",2020-05-22 19:19:02,0.5719,0.144,0.0,0.856
471,nytimes,"Breaking News: President Trump called houses of worship ‚Äúessential‚Äù and ordered them reopened, without any clear authority to do so.
https://t.co/EnYKyQE0PU https://t.co/IIA97gOCYu",2020-05-22 19:07:23,-0.0531,0.089,0.138,0.772
472,nytimes,"Hungary has moved nearly 300 asylum seekers out of fenced detention sites where they had been put in metal containers after the EU's highest court ruled the country was holding migrant people unlawfully
https://t.co/kDzbF9nNId",2020-05-22 19:00:09,-0.3612,0.0,0.07,0.93
473,nytimes,RT @jeannasmialek: The Fed had decided to stop worrying about inflation and learn to love low unemployment -- and then came the pandemic.‚Ä¶,2020-05-22 18:41:24,-0.5267,0.132,0.302,0.566
474,nytimes,"Nursing homes with a significant number of black and Latino residents have been twice as likely to be hit by the coronavirus as predominantly white facilities.

This article is published in partnership with @baltimoresun, @LAist and @thesouthern.
https://t.co/eLZgn0U5er",2020-05-22 18:40:08,0.2732,0.079,0.0,0.921
475,nytimes,"A 20-year-old man who is a temporary patient of a nursing home in Detroit has been arrested in connection with a viral video that showed an elderly man being punched dozens of times
https://t.co/UGSqcQin18",2020-05-22 18:20:05,-0.4767,0.0,0.086,0.914
476,nytimes,"Secretary of State Mike Pompeo condemned China on Friday after Beijing unveiled the details of a broad new security measure that would allow Chinese officials to crack down on political freedom and dissent in Hong Kong
https://t.co/64LAmBG3Jf",2020-05-22 18:00:04,0.6808,0.191,0.065,0.743
477,nytimes,"Britain has announced that it will quarantine everyone flying into the country, including its citizens, beginning June 8
https://t.co/5P5dIjiMNg",2020-05-22 17:40:08,0.0,0.0,0.0,1.0
478,nytimes,"In an extraordinary move, a federal appeals court panel has ordered a trial judge to explain why he is hesitating to grant the Justice Department‚Äôs request that he dismiss the criminal case against Michael Flynn
https://t.co/MMoRdAAqTl",2020-05-22 17:20:04,0.0258,0.135,0.133,0.732
479,nytimes,"In Opinion

@nytdavidbrooks is chatting about his latest column https://t.co/kMrqG8PyiE https://t.co/9L8ptPCQjx",2020-05-22 17:11:18,0.0,0.0,0.0,1.0
480,nytimes,See our full list of books to read this summer here https://t.co/dThY8nliPz,2020-05-22 17:04:32,0.0,0.0,0.0,1.0
481,nytimes,"Here are 7 thrillers to read this summer. ‚ÄúIf there were ever a time to distract yourself with the dismaying and often preposterous predicaments of characters unlucky enough to be the protagonists of thrillers, that time is now,‚Äù writes @sarahlyall. https://t.co/dBCuU9VA2h",2020-05-22 17:00:14,-0.6369,0.049,0.121,0.83
482,nytimes,"The car rental giant Hertz could soon file for bankruptcy if it can't reach a deal with its creditors
https://t.co/HFef6sS8f7",2020-05-22 16:50:06,-0.0191,0.0,0.054,0.946
483,nytimes,"Lori Loughlin has agreed to plead guilty in the college admissions case, a dramatic turnaround after more than a year of maintaining her innocence. Under the agreement, she would serve 2 months in prison, and her husband Mossimo Giannulli would serve 5.
https://t.co/0wkHMwlZ3y",2020-05-22 16:47:25,0.2023,0.152,0.117,0.731
484,nytimes,"Jyoti Kumari, the 15-year-old daughter of a migrant laborer, biked 700 miles across India to bring her father home after he was injured in an accident. Now the Cycling Federation of India has taken notice and invited her to try out for the national team.
https://t.co/gUTPe4czQJ",2020-05-22 16:45:08,-0.7003,0.0,0.116,0.884
485,nytimes,"China's leader, Xi Jinping, is trying to press an offensive over Hong Kong at a time of global crisis when China is struggling to pull out of its sharpest economic slump since Mao's time
https://t.co/U1Le1YmUss",2020-05-22 16:40:04,-0.872,0.0,0.236,0.764
486,nytimes,"Jerry Sloan, the former Utah Jazz coach, has died at age 78. He was one of the winningest coaches in NBA history.
https://t.co/WDYqS0tJvO",2020-05-22 16:35:05,-0.5574,0.0,0.141,0.859
487,nytimes,"SomeBODY tucked a verse about climate change into their song ‚ÄúAll Star‚Äù in 1999. (That somebody was Smash Mouth, and they're not the only ones who have used music to warn us about climate change.) https://t.co/dLVN4gfLEL",2020-05-22 16:30:06,-0.1027,0.0,0.038,0.962
488,nytimes,"RT @danielle_ivory: Here are two powerful graphics that help tell the story of the racial divide in US nursing homes. 

We found neighborho‚Ä¶",2020-05-22 16:10:01,0.6705,0.208,0.0,0.792
489,nytimes,"""It‚Äôs like chasing a high.""

Trichotillomania is a type of impulse control disorder which causes people to pull their hair. ""Trichotillomania has never been taken seriously enough,"" said one of a handful of specialist psychologists in the field. https://t.co/hXA2wCP3Pi",2020-05-22 16:00:13,0.0818,0.094,0.063,0.843
490,nytimes,"Coronavirus patients who received the anti-malaria drugs promoted by President Trump were more likely to have abnormal heart rhythms and were more likely to die, according to a new study published in The Lancet
https://t.co/iOx4LjSvPE https://t.co/P3qxV0YRbZ",2020-05-22 15:51:03,-0.3321,0.068,0.102,0.83
491,nytimes,"As Memorial Day weekend begins, cooped-up Americans are eager for social interaction and fun. Yet public health officials warn that those impulses could result in an uptick in coronavirus cases. https://t.co/zviyA8ttsM",2020-05-22 15:40:03,0.6597,0.165,0.04,0.795
492,nytimes,"In Opinion

""The Chinese Communist Party is ambitious, and it is impatient. It doesn‚Äôt just want to control Hong Kong; it wants to remodel the minds and souls of the Hong Kong people,"" writes  Lewis Lau Yiu-man, a political commentator based in Hong Kong. https://t.co/JV3bWgsAN6",2020-05-22 15:20:04,0.5994,0.141,0.044,0.815
493,nytimes,"Joe Biden said on Friday that black voters torn between voting for him or President Trump ‚Äúain‚Äôt black.‚Äù His comments came at the end of a testy exchange with Charlamagne Tha God on ‚ÄúThe Breakfast Club.‚Äù
https://t.co/uG4l7F4piD",2020-05-22 15:07:23,0.0258,0.054,0.051,0.895
494,nytimes,"Bernice Silver, known as the Queen of Potpourri, for her fast-and-furious storytelling form and a beloved figure in the puppetry, folk music and environmental worlds, died on April 18. She was 106.¬†
https://t.co/fgt30F35dH",2020-05-22 15:00:17,-0.0772,0.087,0.095,0.818
495,nytimes,"As global temperatures have climbed, so have mentions of climate change in popular songs. Listen to 10 songs that led the way. https://t.co/SeOLcu7jxA",2020-05-22 14:50:06,0.4215,0.113,0.0,0.887
496,nytimes,"Should machines ever be truly allowed to make decisions on their own? For years, some researchers have said, ""No."" That argument is getting louder. https://t.co/laC7SuYOfy",2020-05-22 14:40:08,0.1027,0.102,0.088,0.81
497,nytimes,"""I miss the applause, the tent, the colors of the lights. Everything is missing.""

One of Italy‚Äôs famous family-owned circuses has been sitting out the coronavirus pandemic in a field outside Rome. https://t.co/YR0xJC3df4",2020-05-22 14:20:03,0.0,0.077,0.104,0.82
498,nytimes,"Hazel Ying Lee and Maggie Gee never met, but as the only 2 Chinese-American women pilots during World War II, their lives ran a strikingly similar course, and both thwarted layers of prejudice https://t.co/NuxexJckeK",2020-05-22 14:00:17,-0.899,0.0,0.261,0.739
499,nytimes,"RT @KassieBracken: As a kid, I spent summers with my grandmother in the Rockaways ‚Äî still have family there. As N.Y.C. Covid cases grew, I‚Ä¶",2020-05-22 13:47:38,0.0,0.0,0.0,1.0
